STATECODE,HUC4CODE,HUC8CODE,HUCNAME,YEAR,TP-TotPop
08,1401,14010001,Colorado Headwaters,1985,18.500
08,1401,14010002,Blue,1985,13.870
08,1401,14010003,Eagle,1985,15.540
08,1401,14010004,Roaring Fork,1985,19.930
08,1401,14010005,Colorado Headwaters-Plateau,1985,97.820
49,1401,14010005,Colorado Headwaters-Plateau,1985,0.000
08,1401,14010006,Parachute-Roan,1985,1.640
08,1402,14020001,East-Taylor,1985,2.380
08,1402,14020002,Upper Gunnison,1985,2.770
08,1402,14020003,Tomichi,1985,7.440
08,1402,14020004,North Fork Gunnison,1985,9.720
08,1402,14020005,Lower Gunnison,1985,9.110
08,1402,14020006,Uncompahgre,1985,29.330
08,1403,14030001,Westwater Canyon,1985,0.300
49,1403,14030001,Westwater Canyon,1985,0.030
08,1403,14030002,Upper Dolores,1985,1.980
49,1403,14030002,Upper Dolores,1985,0.160
08,1403,14030003,San Miguel,1985,5.470
08,1403,14030004,Lower Dolores,1985,0.400
49,1403,14030004,Lower Dolores,1985,0.040
08,1403,14030005,Upper Colorado-Kane Springs,1985,0.000
49,1403,14030005,Upper Colorado-Kane Springs,1985,8.450
56,1404,14040101,Upper Green,1985,3.770
56,1404,14040102,New Fork,1985,2.370
56,1404,14040103,Upper Green-Slate,1985,16.330
56,1404,14040104,Big Sandy,1985,0.670
56,1404,14040105,Bitter,1985,25.750
08,1404,14040106,Upper Green-Flaming Gorge Reservoir,1985,0.100
49,1404,14040106,Upper Green-Flaming Gorge Reservoir,1985,0.800
56,1404,14040106,Upper Green-Flaming Gorge Reservoir,1985,0.140
49,1404,14040107,Blacks Fork,1985,0.000
56,1404,14040107,Blacks Fork,1985,16.040
49,1404,14040108,Muddy,1985,0.000
56,1404,14040108,Muddy,1985,0.840
08,1404,14040109,Vermilion,1985,0.200
56,1404,14040109,Vermilion,1985,0.020
56,1404,14040200,Great Divide Closed Basin,1985,1.500
08,1405,14050001,Upper Yampa,1985,24.470
08,1405,14050002,Lower Yampa,1985,0.800
08,1405,14050003,Little Snake,1985,0.600
56,1405,14050003,Little Snake,1985,0.450
56,1405,14050004,Muddy,1985,0.390
08,1405,14050005,Upper White,1985,2.890
08,1405,14050006,Piceance-Yellow,1985,0.100
08,1405,14050007,Lower White,1985,3.540
49,1405,14050007,Lower White,1985,0.190
08,1406,14060001,Lower Green-Diamond,1985,0.100
49,1406,14060001,Lower Green-Diamond,1985,0.050
49,1406,14060002,Ashley-Brush,1985,22.800
49,1406,14060003,Duchesne,1985,15.300
49,1406,14060004,Strawberry,1985,2.280
49,1406,14060005,Lower Green-Desolation Canyon,1985,0.070
49,1406,14060006,Willow,1985,0.030
49,1406,14060007,Price,1985,24.680
49,1406,14060008,Lower Green,1985,1.330
49,1406,14060009,San Rafael,1985,9.370
49,1407,14070001,Upper Lake Powell,1985,1.490
49,1407,14070002,Muddy,1985,0.530
49,1407,14070003,Fremont,1985,2.180
49,1407,14070004,Dirty Devil,1985,0.020
49,1407,14070005,Escalante,1985,1.050
04,1407,14070006,Lower Lake Powell,1985,8.790
49,1407,14070006,Lower Lake Powell,1985,0.250
04,1407,14070007,Paria,1985,0.010
49,1407,14070007,Paria,1985,0.730
08,1408,14080101,Upper San Juan,1985,9.720
35,1408,14080101,Upper San Juan,1985,19.590
08,1408,14080102,Piedra,1985,0.490
35,1408,14080103,Blanco Canyon,1985,0.460
08,1408,14080104,Animas,1985,25.050
35,1408,14080104,Animas,1985,45.840
04,1408,14080105,Middle San Juan,1985,1.080
08,1408,14080105,Middle San Juan,1985,1.660
35,1408,14080105,Middle San Juan,1985,13.800
04,1408,14080106,Chaco,1985,0.000
35,1408,14080106,Chaco,1985,28.000
08,1408,14080107,Mancos,1985,1.950
35,1408,14080107,Mancos,1985,0.000
04,1408,14080201,Lower San Juan-Four Corners,1985,2.110
08,1408,14080201,Lower San Juan-Four Corners,1985,0.100
35,1408,14080201,Lower San Juan-Four Corners,1985,0.000
49,1408,14080201,Lower San Juan-Four Corners,1985,4.290
08,1408,14080202,Mcelmo,1985,14.910
49,1408,14080202,Mcelmo,1985,0.070
08,1408,14080203,Montezuma,1985,1.470
49,1408,14080203,Montezuma,1985,2.360
04,1408,14080204,Chinle,1985,25.390
35,1408,14080204,Chinle,1985,0.000
49,1408,14080204,Chinle,1985,0.080
04,1408,14080205,Lower San Juan,1985,0.650
49,1408,14080205,Lower San Juan,1985,1.530
04,1501,15010001,Lower Colorado-Marble Canyon,1985,0.740
04,1501,15010002,Grand Canyon,1985,2.200
04,1501,15010003,Kanab,1985,1.470
49,1501,15010003,Kanab,1985,3.230
04,1501,15010004,Havasu Canyon,1985,4.680
04,1501,15010005,Lake Mead,1985,0.660
32,1501,15010005,Lake Mead,1985,2.050
04,1501,15010006,Grand Wash,1985,0.010
32,1501,15010006,Grand Wash,1985,0.000
04,1501,15010007,Hualapai Wash,1985,14.500
49,1501,15010008,Upper Virgin,1985,33.040
04,1501,15010009,Fort Pearce Wash,1985,2.020
49,1501,15010009,Fort Pearce Wash,1985,1.170
04,1501,15010010,Lower Virgin,1985,0.130
32,1501,15010010,Lower Virgin,1985,2.640
49,1501,15010010,Lower Virgin,1985,1.800
32,1501,15010011,White,1985,1.580
32,1501,15010012,Muddy,1985,2.410
32,1501,15010013,Meadow Valley Wash,1985,2.970
49,1501,15010013,Meadow Valley Wash,1985,0.000
04,1501,15010014,Detrital Wash,1985,0.310
32,1501,15010015,Las Vegas Wash,1985,546.360
04,1502,15020001,Little Colorado Headwaters,1985,5.650
35,1502,15020001,Little Colorado Headwaters,1985,0.000
04,1502,15020002,Upper Little Colorado,1985,5.600
35,1502,15020002,Upper Little Colorado,1985,0.000
04,1502,15020003,Carrizo Wash,1985,0.020
35,1502,15020003,Carrizo Wash,1985,0.000
04,1502,15020004,Zuni,1985,0.240
35,1502,15020004,Zuni,1985,9.810
04,1502,15020005,Silver,1985,20.890
04,1502,15020006,Upper Puerco,1985,12.060
35,1502,15020006,Upper Puerco,1985,36.850
04,1502,15020007,Lower Puerco,1985,2.010
04,1502,15020008,Middle Little Colorado,1985,16.610
04,1502,15020009,Leroux Wash,1985,2.190
04,1502,15020010,Chevelon Canyon,1985,0.530
04,1502,15020011,Cottonwood Wash,1985,8.590
04,1502,15020012,Corn-Oraibi,1985,2.190
04,1502,15020013,Polacca Wash,1985,8.040
04,1502,15020014,Jadito Wash,1985,4.330
04,1502,15020015,Canyon Diablo,1985,46.140
04,1502,15020016,Lower Little Colorado,1985,3.320
04,1502,15020017,Dinnebito Wash,1985,1.610
04,1502,15020018,Moenkopi Wash,1985,15.040
04,1503,15030101,Havasu-Mohave Lake,1985,41.860
06,1503,15030101,Havasu-Mohave Lake,1985,6.930
32,1503,15030101,Havasu-Mohave Lake,1985,2.560
06,1503,15030102,Piute Wash,1985,0.040
32,1503,15030102,Piute Wash,1985,0.630
04,1503,15030103,Sacramento Wash,1985,6.670
04,1503,15030104,Imperial Reservoir,1985,11.860
06,1503,15030104,Imperial Reservoir,1985,17.490
04,1503,15030105,Bouse Wash,1985,1.500
04,1503,15030106,Tyson Wash,1985,1.350
04,1503,15030107,Lower Colorado,1985,3.410
06,1503,15030107,Lower Colorado,1985,3.370
04,1503,15030108,Yuma Desert,1985,91.160
04,1503,15030201,Big Sandy,1985,0.560
04,1503,15030202,Burro,1985,3.050
04,1503,15030203,Santa Maria,1985,4.450
04,1503,15030204,Bill Williams,1985,0.070
35,1504,15040001,Upper Gila,1985,0.000
04,1504,15040002,Upper Gila-Mangas,1985,1.930
35,1504,15040002,Upper Gila-Mangas,1985,2.470
04,1504,15040003,Animas Valley,1985,0.000
35,1504,15040003,Animas Valley,1985,4.970
04,1504,15040004,San Francisco,1985,6.920
35,1504,15040004,San Francisco,1985,2.150
04,1504,15040005,Upper Gila-San Carlos Reservoir,1985,20.640
04,1504,15040006,San Simon,1985,3.160
35,1504,15040006,San Simon,1985,0.120
04,1504,15040007,San Carlos,1985,3.790
04,1505,15050100,Middle Gila,1985,154.220
04,1505,15050201,Willcox Playa,1985,10.160
04,1505,15050202,Upper San Pedro,1985,55.030
04,1505,15050203,Lower San Pedro,1985,15.640
04,1505,15050301,Upper Santa Cruz,1985,384.250
04,1505,15050302,Rillito,1985,234.060
04,1505,15050303,Lower Santa Cruz,1985,38.010
04,1505,15050304,Brawley Wash,1985,15.670
04,1505,15050305,Aguirre Valley,1985,0.270
04,1505,15050306,Santa Rosa Wash,1985,3.890
04,1506,15060101,Black,1985,0.090
04,1506,15060102,White,1985,11.850
04,1506,15060103,Upper Salt,1985,22.000
04,1506,15060104,Carrizo,1985,0.460
04,1506,15060105,Tonto,1985,13.470
04,1506,15060106,Lower Salt,1985,1586.500
04,1506,15060201,Big Chino-Williamson Valley,1985,3.200
04,1506,15060202,Upper Verde,1985,64.590
04,1506,15060203,Lower Verde,1985,22.090
04,1507,15070101,Lower Gila-Painted Rock Reservoir,1985,17.400
04,1507,15070102,Agua Fria,1985,121.760
04,1507,15070103,Hassayampa,1985,7.370
04,1507,15070104,Centennial Wash,1985,5.220
04,1507,15070201,Lower Gila,1985,25.750
04,1507,15070202,Tenmile Wash,1985,5.170
04,1507,15070203,San Cristobal Wash,1985,1.210
04,1508,15080101,San Simon Wash,1985,5.690
04,1508,15080102,Rio Sonoyta,1985,0.500
04,1508,15080103,Tule Desert,1985,0.000
04,1508,15080200,Rio De La Concepcion,1985,1.500
04,1508,15080301,Whitewater Draw,1985,30.010
04,1508,15080302,San Bernardino Valley,1985,0.000
35,1508,15080302,San Bernardino Valley,1985,0.000
35,1508,15080303,Cloverdale,1985,0.000
08,1401,14010001,Colorado Headwaters,1990,10.560
08,1401,14010002,Blue,1990,12.970
08,1401,14010003,Eagle,1990,16.820
08,1401,14010004,Roaring Fork,1990,28.470
08,1401,14010005,Colorado Headwaters-Plateau,1990,102.050
49,1401,14010005,Colorado Headwaters-Plateau,1990,0.000
08,1401,14010006,Parachute-Roan,1990,1.050
08,1402,14020001,East-Taylor,1990,2.000
08,1402,14020002,Upper Gunnison,1990,5.330
08,1402,14020003,Tomichi,1990,3.540
08,1402,14020004,North Fork Gunnison,1990,6.360
08,1402,14020005,Lower Gunnison,1990,18.260
08,1402,14020006,Uncompahgre,1990,26.860
08,1403,14030001,Westwater Canyon,1990,0.620
49,1403,14030001,Westwater Canyon,1990,0.000
08,1403,14030002,Upper Dolores,1990,2.040
49,1403,14030002,Upper Dolores,1990,0.000
08,1403,14030003,San Miguel,1990,5.630
08,1403,14030004,Lower Dolores,1990,0.250
49,1403,14030004,Lower Dolores,1990,0.000
08,1403,14030005,Upper Colorado-Kane Springs,1990,0.000
49,1403,14030005,Upper Colorado-Kane Springs,1990,6.620
56,1404,14040101,Upper Green,1990,2.890
56,1404,14040102,New Fork,1990,2.250
56,1404,14040103,Upper Green-Slate,1990,13.170
56,1404,14040104,Big Sandy,1990,0.770
56,1404,14040105,Bitter,1990,23.790
08,1404,14040106,Upper Green-Flaming Gorge Reservoir,1990,0.000
49,1404,14040106,Upper Green-Flaming Gorge Reservoir,1990,0.690
56,1404,14040106,Upper Green-Flaming Gorge Reservoir,1990,0.200
49,1404,14040107,Blacks Fork,1990,0.000
56,1404,14040107,Blacks Fork,1990,10.720
49,1404,14040108,Muddy,1990,0.000
56,1404,14040108,Muddy,1990,0.140
08,1404,14040109,Vermilion,1990,0.000
56,1404,14040109,Vermilion,1990,0.000
56,1404,14040200,Great Divide Closed Basin,1990,0.980
08,1405,14050001,Upper Yampa,1990,23.640
08,1405,14050002,Lower Yampa,1990,0.650
08,1405,14050003,Little Snake,1990,0.280
56,1405,14050003,Little Snake,1990,0.560
56,1405,14050004,Muddy,1990,0.410
08,1405,14050005,Upper White,1990,3.120
08,1405,14050006,Piceance-Yellow,1990,0.140
08,1405,14050007,Lower White,1990,3.220
49,1405,14050007,Lower White,1990,0.000
08,1406,14060001,Lower Green-Diamond,1990,0.000
49,1406,14060001,Lower Green-Diamond,1990,0.000
49,1406,14060002,Ashley-Brush,1990,18.130
49,1406,14060003,Duchesne,1990,14.620
49,1406,14060004,Strawberry,1990,2.110
49,1406,14060005,Lower Green-Desolation Canyon,1990,0.000
49,1406,14060006,Willow,1990,0.000
49,1406,14060007,Price,1990,20.930
49,1406,14060008,Lower Green,1990,1.280
49,1406,14060009,San Rafael,1990,8.350
49,1407,14070001,Upper Lake Powell,1990,2.070
49,1407,14070002,Muddy,1990,0.000
49,1407,14070003,Fremont,1990,2.180
49,1407,14070004,Dirty Devil,1990,0.000
49,1407,14070005,Escalante,1990,1.180
04,1407,14070006,Lower Lake Powell,1990,7.830
49,1407,14070006,Lower Lake Powell,1990,0.620
04,1407,14070007,Paria,1990,0.780
49,1407,14070007,Paria,1990,0.770
08,1408,14080101,Upper San Juan,1990,9.290
35,1408,14080101,Upper San Juan,1990,20.130
08,1408,14080102,Piedra,1990,2.920
35,1408,14080103,Blanco Canyon,1990,1.700
08,1408,14080104,Animas,1990,24.050
35,1408,14080104,Animas,1990,31.860
04,1408,14080105,Middle San Juan,1990,0.990
08,1408,14080105,Middle San Juan,1990,2.140
35,1408,14080105,Middle San Juan,1990,29.930
04,1408,14080106,Chaco,1990,0.000
35,1408,14080106,Chaco,1990,23.200
08,1408,14080107,Mancos,1990,2.970
35,1408,14080107,Mancos,1990,0.000
04,1408,14080201,Lower San Juan-Four Corners,1990,1.360
08,1408,14080201,Lower San Juan-Four Corners,1990,0.180
35,1408,14080201,Lower San Juan-Four Corners,1990,0.000
49,1408,14080201,Lower San Juan-Four Corners,1990,5.230
08,1408,14080202,Mcelmo,1990,13.920
49,1408,14080202,Mcelmo,1990,0.000
08,1408,14080203,Montezuma,1990,1.370
49,1408,14080203,Montezuma,1990,2.710
04,1408,14080204,Chinle,1990,28.800
35,1408,14080204,Chinle,1990,0.490
49,1408,14080204,Chinle,1990,0.000
04,1408,14080205,Lower San Juan,1990,1.300
49,1408,14080205,Lower San Juan,1990,2.870
04,1501,15010001,Lower Colorado-Marble Canyon,1990,1.310
04,1501,15010002,Grand Canyon,1990,0.010
04,1501,15010003,Kanab,1990,1.630
49,1501,15010003,Kanab,1990,3.500
04,1501,15010004,Havasu Canyon,1990,5.690
04,1501,15010005,Lake Mead,1990,0.390
32,1501,15010005,Lake Mead,1990,0.200
04,1501,15010006,Grand Wash,1990,0.000
32,1501,15010006,Grand Wash,1990,0.000
04,1501,15010007,Hualapai Wash,1990,11.240
49,1501,15010008,Upper Virgin,1990,48.380
04,1501,15010009,Fort Pearce Wash,1990,2.790
49,1501,15010009,Fort Pearce Wash,1990,0.290
04,1501,15010010,Lower Virgin,1990,0.080
32,1501,15010010,Lower Virgin,1990,2.720
49,1501,15010010,Lower Virgin,1990,0.000
32,1501,15010011,White,1990,0.760
32,1501,15010012,Muddy,1990,8.900
32,1501,15010013,Meadow Valley Wash,1990,2.930
49,1501,15010013,Meadow Valley Wash,1990,0.000
04,1501,15010014,Detrital Wash,1990,1.140
32,1501,15010015,Las Vegas Wash,1990,708.690
04,1502,15020001,Little Colorado Headwaters,1990,6.730
35,1502,15020001,Little Colorado Headwaters,1990,0.000
04,1502,15020002,Upper Little Colorado,1990,5.330
35,1502,15020002,Upper Little Colorado,1990,0.000
04,1502,15020003,Carrizo Wash,1990,0.220
35,1502,15020003,Carrizo Wash,1990,0.480
04,1502,15020004,Zuni,1990,0.040
35,1502,15020004,Zuni,1990,10.510
04,1502,15020005,Silver,1990,20.910
04,1502,15020006,Upper Puerco,1990,13.080
35,1502,15020006,Upper Puerco,1990,36.690
04,1502,15020007,Lower Puerco,1990,3.630
04,1502,15020008,Middle Little Colorado,1990,15.540
04,1502,15020009,Leroux Wash,1990,2.650
04,1502,15020010,Chevelon Canyon,1990,2.160
04,1502,15020011,Cottonwood Wash,1990,9.110
04,1502,15020012,Corn-Oraibi,1990,2.450
04,1502,15020013,Polacca Wash,1990,8.700
04,1502,15020014,Jadito Wash,1990,4.630
04,1502,15020015,Canyon Diablo,1990,54.380
04,1502,15020016,Lower Little Colorado,1990,1.970
04,1502,15020017,Dinnebito Wash,1990,1.660
04,1502,15020018,Moenkopi Wash,1990,14.520
04,1503,15030101,Havasu-Mohave Lake,1990,57.240
06,1503,15030101,Havasu-Mohave Lake,1990,7.092
32,1503,15030101,Havasu-Mohave Lake,1990,5.020
06,1503,15030102,Piute Wash,1990,0.567
32,1503,15030102,Piute Wash,1990,1.210
04,1503,15030103,Sacramento Wash,1990,19.980
04,1503,15030104,Imperial Reservoir,1990,9.300
06,1503,15030104,Imperial Reservoir,1990,15.180
04,1503,15030105,Bouse Wash,1990,1.940
04,1503,15030106,Tyson Wash,1990,2.210
04,1503,15030107,Lower Colorado,1990,11.460
06,1503,15030107,Lower Colorado,1990,3.406
04,1503,15030108,Yuma Desert,1990,80.930
04,1503,15030201,Big Sandy,1990,1.030
04,1503,15030202,Burro,1990,3.200
04,1503,15030203,Santa Maria,1990,1.950
04,1503,15030204,Bill Williams,1990,0.420
35,1504,15040001,Upper Gila,1990,0.140
04,1504,15040002,Upper Gila-Mangas,1990,2.410
35,1504,15040002,Upper Gila-Mangas,1990,2.830
04,1504,15040003,Animas Valley,1990,0.000
35,1504,15040003,Animas Valley,1990,4.810
04,1504,15040004,San Francisco,1990,5.870
35,1504,15040004,San Francisco,1990,1.640
04,1504,15040005,Upper Gila-San Carlos Reservoir,1990,22.330
04,1504,15040006,San Simon,1990,2.100
35,1504,15040006,San Simon,1990,0.020
04,1504,15040007,San Carlos,1990,6.560
04,1505,15050100,Middle Gila,1990,397.850
04,1505,15050201,Willcox Playa,1990,9.410
04,1505,15050202,Upper San Pedro,1990,62.580
04,1505,15050203,Lower San Pedro,1990,12.160
04,1505,15050301,Upper Santa Cruz,1990,393.150
04,1505,15050302,Rillito,1990,262.100
04,1505,15050303,Lower Santa Cruz,1990,45.670
04,1505,15050304,Brawley Wash,1990,26.560
04,1505,15050305,Aguirre Valley,1990,0.840
04,1505,15050306,Santa Rosa Wash,1990,3.320
04,1506,15060101,Black,1990,0.660
04,1506,15060102,White,1990,7.700
04,1506,15060103,Upper Salt,1990,17.680
04,1506,15060104,Carrizo,1990,0.540
04,1506,15060105,Tonto,1990,10.410
04,1506,15060106,Lower Salt,1990,1597.750
04,1506,15060201,Big Chino-Williamson Valley,1990,5.540
04,1506,15060202,Upper Verde,1990,78.480
04,1506,15060203,Lower Verde,1990,19.100
04,1507,15070101,Lower Gila-Painted Rock Reservoir,1990,22.930
04,1507,15070102,Agua Fria,1990,168.300
04,1507,15070103,Hassayampa,1990,9.150
04,1507,15070104,Centennial Wash,1990,1.520
04,1507,15070201,Lower Gila,1990,14.400
04,1507,15070202,Tenmile Wash,1990,3.920
04,1507,15070203,San Cristobal Wash,1990,0.550
04,1508,15080101,San Simon Wash,1990,5.260
04,1508,15080102,Rio Sonoyta,1990,0.620
04,1508,15080103,Tule Desert,1990,0.000
04,1508,15080200,Rio De La Concepcion,1990,0.070
04,1508,15080301,Whitewater Draw,1990,24.780
04,1508,15080302,San Bernardino Valley,1990,0.250
35,1508,15080302,San Bernardino Valley,1990,0.000
35,1508,15080303,Cloverdale,1990,0.000
08,1401,14010001,Colorado Headwaters,1995,13.170
08,1401,14010002,Blue,1995,17.300
08,1401,14010003,Eagle,1995,22.130
08,1401,14010004,Roaring Fork,1995,31.020
08,1401,14010005,Colorado Headwaters-Plateau,1995,121.730
49,1401,14010005,Colorado Headwaters-Plateau,1995,0.000
08,1401,14010006,Parachute-Roan,1995,1.310
08,1402,14020001,East-Taylor,1995,2.320
08,1402,14020002,Upper Gunnison,1995,6.030
08,1402,14020003,Tomichi,1995,4.110
08,1402,14020004,North Fork Gunnison,1995,8.310
08,1402,14020005,Lower Gunnison,1995,17.530
08,1402,14020006,Uncompahgre,1995,32.070
08,1403,14030001,Westwater Canyon,1995,0.700
49,1403,14030001,Westwater Canyon,1995,0.030
08,1403,14030002,Upper Dolores,1995,2.370
49,1403,14030002,Upper Dolores,1995,0.000
08,1403,14030003,San Miguel,1995,7.240
08,1403,14030004,Lower Dolores,1995,0.280
49,1403,14030004,Lower Dolores,1995,0.100
08,1403,14030005,Upper Colorado-Kane Springs,1995,0.000
49,1403,14030005,Upper Colorado-Kane Springs,1995,7.950
56,1404,14040101,Upper Green,1995,3.530
56,1404,14040102,New Fork,1995,2.810
56,1404,14040103,Upper Green-Slate,1995,0.000
56,1404,14040104,Big Sandy,1995,0.000
56,1404,14040105,Bitter,1995,40.160
08,1404,14040106,Upper Green-Flaming Gorge Reservoir,1995,0.000
49,1404,14040106,Upper Green-Flaming Gorge Reservoir,1995,0.770
56,1404,14040106,Upper Green-Flaming Gorge Reservoir,1995,0.000
49,1404,14040107,Blacks Fork,1995,0.050
56,1404,14040107,Blacks Fork,1995,11.100
49,1404,14040108,Muddy,1995,0.000
56,1404,14040108,Muddy,1995,0.000
08,1404,14040109,Vermilion,1995,0.000
56,1404,14040109,Vermilion,1995,0.000
56,1404,14040200,Great Divide Closed Basin,1995,0.820
08,1405,14050001,Upper Yampa,1995,26.860
08,1405,14050002,Lower Yampa,1995,0.690
08,1405,14050003,Little Snake,1995,0.300
56,1405,14050003,Little Snake,1995,0.480
56,1405,14050004,Muddy,1995,0.000
08,1405,14050005,Upper White,1995,3.380
08,1405,14050006,Piceance-Yellow,1995,0.150
08,1405,14050007,Lower White,1995,3.490
49,1405,14050007,Lower White,1995,0.010
08,1406,14060001,Lower Green-Diamond,1995,0.000
49,1406,14060001,Lower Green-Diamond,1995,1.180
49,1406,14060002,Ashley-Brush,1995,18.520
49,1406,14060003,Duchesne,1995,17.180
49,1406,14060004,Strawberry,1995,1.420
49,1406,14060005,Lower Green-Desolation Canyon,1995,0.470
49,1406,14060006,Willow,1995,0.050
49,1406,14060007,Price,1995,22.160
49,1406,14060008,Lower Green,1995,1.120
49,1406,14060009,San Rafael,1995,7.890
49,1407,14070001,Upper Lake Powell,1995,0.460
49,1407,14070002,Muddy,1995,0.360
49,1407,14070003,Fremont,1995,2.060
49,1407,14070004,Dirty Devil,1995,0.300
49,1407,14070005,Escalante,1995,1.110
04,1407,14070006,Lower Lake Powell,1995,14.090
49,1407,14070006,Lower Lake Powell,1995,0.510
04,1407,14070007,Paria,1995,0.000
49,1407,14070007,Paria,1995,0.760
08,1408,14080101,Upper San Juan,1995,11.370
35,1408,14080101,Upper San Juan,1995,21.800
08,1408,14080102,Piedra,1995,3.880
35,1408,14080103,Blanco Canyon,1995,0.400
08,1408,14080104,Animas,1995,27.400
35,1408,14080104,Animas,1995,57.240
04,1408,14080105,Middle San Juan,1995,1.090
08,1408,14080105,Middle San Juan,1995,3.350
35,1408,14080105,Middle San Juan,1995,22.250
04,1408,14080106,Chaco,1995,0.000
35,1408,14080106,Chaco,1995,16.120
08,1408,14080107,Mancos,1995,3.790
35,1408,14080107,Mancos,1995,0.000
04,1408,14080201,Lower San Juan-Four Corners,1995,1.500
08,1408,14080201,Lower San Juan-Four Corners,1995,0.210
35,1408,14080201,Lower San Juan-Four Corners,1995,0.000
49,1408,14080201,Lower San Juan-Four Corners,1995,6.630
08,1408,14080202,Mcelmo,1995,15.750
49,1408,14080202,Mcelmo,1995,1.160
08,1408,14080203,Montezuma,1995,1.450
49,1408,14080203,Montezuma,1995,2.990
04,1408,14080204,Chinle,1995,31.390
35,1408,14080204,Chinle,1995,0.100
49,1408,14080204,Chinle,1995,0.000
04,1408,14080205,Lower San Juan,1995,1.490
49,1408,14080205,Lower San Juan,1995,2.460
04,1501,15010001,Lower Colorado-Marble Canyon,1995,1.830
04,1501,15010002,Grand Canyon,1995,0.000
04,1501,15010003,Kanab,1995,2.240
49,1501,15010003,Kanab,1995,4.070
04,1501,15010004,Havasu Canyon,1995,7.930
04,1501,15010005,Lake Mead,1995,0.510
32,1501,15010005,Lake Mead,1995,0.200
04,1501,15010006,Grand Wash,1995,0.120
32,1501,15010006,Grand Wash,1995,0.000
04,1501,15010007,Hualapai Wash,1995,31.160
49,1501,15010008,Upper Virgin,1995,60.940
04,1501,15010009,Fort Pearce Wash,1995,3.620
49,1501,15010009,Fort Pearce Wash,1995,4.600
04,1501,15010010,Lower Virgin,1995,0.000
32,1501,15010010,Lower Virgin,1995,3.590
49,1501,15010010,Lower Virgin,1995,4.810
32,1501,15010011,White,1995,1.610
32,1501,15010012,Muddy,1995,5.460
32,1501,15010013,Meadow Valley Wash,1995,1.860
49,1501,15010013,Meadow Valley Wash,1995,0.000
04,1501,15010014,Detrital Wash,1995,1.480
32,1501,15010015,Las Vegas Wash,1995,955.960
04,1502,15020001,Little Colorado Headwaters,1995,7.400
35,1502,15020001,Little Colorado Headwaters,1995,0.000
04,1502,15020002,Upper Little Colorado,1995,5.900
35,1502,15020002,Upper Little Colorado,1995,0.000
04,1502,15020003,Carrizo Wash,1995,0.240
35,1502,15020003,Carrizo Wash,1995,0.510
04,1502,15020004,Zuni,1995,0.040
35,1502,15020004,Zuni,1995,15.700
04,1502,15020005,Silver,1995,31.630
04,1502,15020006,Upper Puerco,1995,14.400
35,1502,15020006,Upper Puerco,1995,37.900
04,1502,15020007,Lower Puerco,1995,5.040
04,1502,15020008,Middle Little Colorado,1995,15.130
04,1502,15020009,Leroux Wash,1995,2.920
04,1502,15020010,Chevelon Canyon,1995,2.510
04,1502,15020011,Cottonwood Wash,1995,10.190
04,1502,15020012,Corn-Oraibi,1995,2.940
04,1502,15020013,Polacca Wash,1995,9.970
04,1502,15020014,Jadito Wash,1995,5.330
04,1502,15020015,Canyon Diablo,1995,55.790
04,1502,15020016,Lower Little Colorado,1995,2.730
04,1502,15020017,Dinnebito Wash,1995,2.920
04,1502,15020018,Moenkopi Wash,1995,11.650
04,1503,15030101,Havasu-Mohave Lake,1995,74.470
06,1503,15030101,Havasu-Mohave Lake,1995,9.200
32,1503,15030101,Havasu-Mohave Lake,1995,6.450
06,1503,15030102,Piute Wash,1995,6.520
32,1503,15030102,Piute Wash,1995,1.190
04,1503,15030103,Sacramento Wash,1995,9.450
04,1503,15030104,Imperial Reservoir,1995,9.650
06,1503,15030104,Imperial Reservoir,1995,16.640
04,1503,15030105,Bouse Wash,1995,2.000
04,1503,15030106,Tyson Wash,1995,2.280
04,1503,15030107,Lower Colorado,1995,14.240
06,1503,15030107,Lower Colorado,1995,1.910
04,1503,15030108,Yuma Desert,1995,100.600
04,1503,15030201,Big Sandy,1995,1.310
04,1503,15030202,Burro,1995,0.000
04,1503,15030203,Santa Maria,1995,11.430
04,1503,15030204,Bill Williams,1995,0.420
35,1504,15040001,Upper Gila,1995,0.120
04,1504,15040002,Upper Gila-Mangas,1995,2.780
35,1504,15040002,Upper Gila-Mangas,1995,3.000
04,1504,15040003,Animas Valley,1995,0.000
35,1504,15040003,Animas Valley,1995,5.030
04,1504,15040004,San Francisco,1995,6.750
35,1504,15040004,San Francisco,1995,1.740
04,1504,15040005,Upper Gila-San Carlos Reservoir,1995,19.880
04,1504,15040006,San Simon,1995,1.870
35,1504,15040006,San Simon,1995,0.130
04,1504,15040007,San Carlos,1995,8.720
04,1505,15050100,Middle Gila,1995,452.690
04,1505,15050201,Willcox Playa,1995,6.440
04,1505,15050202,Upper San Pedro,1995,75.590
04,1505,15050203,Lower San Pedro,1995,13.700
04,1505,15050301,Upper Santa Cruz,1995,388.240
04,1505,15050302,Rillito,1995,354.130
04,1505,15050303,Lower Santa Cruz,1995,51.400
04,1505,15050304,Brawley Wash,1995,29.950
04,1505,15050305,Aguirre Valley,1995,0.980
04,1505,15050306,Santa Rosa Wash,1995,3.750
04,1506,15060101,Black,1995,0.760
04,1506,15060102,White,1995,10.420
04,1506,15060103,Upper Salt,1995,21.030
04,1506,15060104,Carrizo,1995,0.620
04,1506,15060105,Tonto,1995,11.920
04,1506,15060106,Lower Salt,1995,1662.550
04,1506,15060201,Big Chino-Williamson Valley,1995,6.960
04,1506,15060202,Upper Verde,1995,108.520
04,1506,15060203,Lower Verde,1995,23.870
04,1507,15070101,Lower Gila-Painted Rock Reservoir,1995,26.270
04,1507,15070102,Agua Fria,1995,341.130
04,1507,15070103,Hassayampa,1995,11.590
04,1507,15070104,Centennial Wash,1995,1.730
04,1507,15070201,Lower Gila,1995,17.970
04,1507,15070202,Tenmile Wash,1995,4.530
04,1507,15070203,San Cristobal Wash,1995,0.600
04,1508,15080101,San Simon Wash,1995,5.940
04,1508,15080102,Rio Sonoyta,1995,0.680
04,1508,15080103,Tule Desert,1995,0.000
04,1508,15080200,Rio De La Concepcion,1995,0.100
04,1508,15080301,Whitewater Draw,1995,32.560
04,1508,15080302,San Bernardino Valley,1995,0.290
35,1508,15080302,San Bernardino Valley,1995,0.000
35,1508,15080303,Cloverdale,1995,0.000
08,1401,14010001,Colorado Headwaters,2000,13.570
08,1401,14010002,Blue,2000,24.690
08,1401,14010003,Eagle,2000,34.000
08,1401,14010004,Roaring Fork,2000,38.760
08,1401,14010005,Colorado Headwaters-Plateau,2000,133.270
49,1401,14010005,Colorado Headwaters-Plateau,2000,0.000
08,1401,14010006,Parachute-Roan,2000,2.990
08,1402,14020001,East-Taylor,2000,3.540
08,1402,14020002,Upper Gunnison,2000,6.830
08,1402,14020003,Tomichi,2000,3.890
08,1402,14020004,North Fork Gunnison,2000,8.700
08,1402,14020005,Lower Gunnison,2000,19.820
08,1402,14020006,Uncompahgre,2000,40.290
08,1403,14030001,Westwater Canyon,2000,0.000
49,1403,14030001,Westwater Canyon,2000,0.000
08,1403,14030002,Upper Dolores,2000,1.750
49,1403,14030002,Upper Dolores,2000,0.163
08,1403,14030003,San Miguel,2000,9.370
08,1403,14030004,Lower Dolores,2000,0.000
49,1403,14030004,Lower Dolores,2000,0.000
08,1403,14030005,Upper Colorado-Kane Springs,2000,0.000
49,1403,14030005,Upper Colorado-Kane Springs,2000,9.650
56,1404,14040101,Upper Green,2000,4.070
56,1404,14040102,New Fork,2000,4.200
56,1404,14040103,Upper Green-Slate,2000,8.550
56,1404,14040104,Big Sandy,2000,0.804
56,1404,14040105,Bitter,2000,25.630
08,1404,14040106,Upper Green-Flaming Gorge Reservoir,2000,0.000
49,1404,14040106,Upper Green-Flaming Gorge Reservoir,2000,0.920
56,1404,14040106,Upper Green-Flaming Gorge Reservoir,2000,3.430
49,1404,14040107,Blacks Fork,2000,0.000
56,1404,14040107,Blacks Fork,2000,9.440
49,1404,14040108,Muddy,2000,0.000
56,1404,14040108,Muddy,2000,0.000
08,1404,14040109,Vermilion,2000,0.000
56,1404,14040109,Vermilion,2000,0.000
56,1404,14040200,Great Divide Closed Basin,2000,0.762
08,1405,14050001,Upper Yampa,2000,30.410
08,1405,14050002,Lower Yampa,2000,1.120
08,1405,14050003,Little Snake,2000,0.000
56,1405,14050003,Little Snake,2000,0.690
56,1405,14050004,Muddy,2000,0.000
08,1405,14050005,Upper White,2000,3.440
08,1405,14050006,Piceance-Yellow,2000,0.000
08,1405,14050007,Lower White,2000,3.090
49,1405,14050007,Lower White,2000,0.000
08,1406,14060001,Lower Green-Diamond,2000,0.000
49,1406,14060001,Lower Green-Diamond,2000,1.000
49,1406,14060002,Ashley-Brush,2000,20.450
49,1406,14060003,Duchesne,2000,19.150
49,1406,14060004,Strawberry,2000,1.039
49,1406,14060005,Lower Green-Desolation Canyon,2000,0.125
49,1406,14060006,Willow,2000,0.000
49,1406,14060007,Price,2000,22.220
49,1406,14060008,Lower Green,2000,1.056
49,1406,14060009,San Rafael,2000,8.080
49,1407,14070001,Upper Lake Powell,2000,0.959
49,1407,14070002,Muddy,2000,0.300
49,1407,14070003,Fremont,2000,2.510
49,1407,14070004,Dirty Devil,2000,0.000
49,1407,14070005,Escalante,2000,0.990
04,1407,14070006,Lower Lake Powell,2000,10.277
49,1407,14070006,Lower Lake Powell,2000,0.540
04,1407,14070007,Paria,2000,0.000
49,1407,14070007,Paria,2000,1.210
08,1408,14080101,Upper San Juan,2000,15.340
35,1408,14080101,Upper San Juan,2000,29.320
08,1408,14080102,Piedra,2000,6.360
35,1408,14080103,Blanco Canyon,2000,0.960
08,1408,14080104,Animas,2000,31.320
35,1408,14080104,Animas,2000,39.010
04,1408,14080105,Middle San Juan,2000,1.298
08,1408,14080105,Middle San Juan,2000,1.380
35,1408,14080105,Middle San Juan,2000,39.580
04,1408,14080106,Chaco,2000,0.000
35,1408,14080106,Chaco,2000,20.490
08,1408,14080107,Mancos,2000,4.260
35,1408,14080107,Mancos,2000,0.040
04,1408,14080201,Lower San Juan-Four Corners,2000,1.631
08,1408,14080201,Lower San Juan-Four Corners,2000,0.000
35,1408,14080201,Lower San Juan-Four Corners,2000,0.000
49,1408,14080201,Lower San Juan-Four Corners,2000,8.770
08,1408,14080202,Mcelmo,2000,18.070
49,1408,14080202,Mcelmo,2000,0.000
08,1408,14080203,Montezuma,2000,1.600
49,1408,14080203,Montezuma,2000,2.000
04,1408,14080204,Chinle,2000,31.322
35,1408,14080204,Chinle,2000,2.080
49,1408,14080204,Chinle,2000,0.310
04,1408,14080205,Lower San Juan,2000,0.709
49,1408,14080205,Lower San Juan,2000,2.480
04,1501,15010001,Lower Colorado-Marble Canyon,2000,0.796
04,1501,15010002,Grand Canyon,2000,0.528
04,1501,15010003,Kanab,2000,1.457
49,1501,15010003,Kanab,2000,3.940
04,1501,15010004,Havasu Canyon,2000,7.557
04,1501,15010005,Lake Mead,2000,1.054
32,1501,15010005,Lake Mead,2000,2.240
04,1501,15010006,Grand Wash,2000,0.000
32,1501,15010006,Grand Wash,2000,0.005
04,1501,15010007,Hualapai Wash,2000,36.750
49,1501,15010008,Upper Virgin,2000,76.020
04,1501,15010009,Fort Pearce Wash,2000,5.088
49,1501,15010009,Fort Pearce Wash,2000,8.860
04,1501,15010010,Lower Virgin,2000,3.039
32,1501,15010010,Lower Virgin,2000,10.500
49,1501,15010010,Lower Virgin,2000,4.860
32,1501,15010011,White,2000,1.100
32,1501,15010012,Muddy,2000,4.570
32,1501,15010013,Meadow Valley Wash,2000,4.330
49,1501,15010013,Meadow Valley Wash,2000,0.000
04,1501,15010014,Detrital Wash,2000,1.395
32,1501,15010015,Las Vegas Wash,2000,1332.350
04,1502,15020001,Little Colorado Headwaters,2000,7.913
35,1502,15020001,Little Colorado Headwaters,2000,0.000
04,1502,15020002,Upper Little Colorado,2000,8.350
35,1502,15020002,Upper Little Colorado,2000,0.000
04,1502,15020003,Carrizo Wash,2000,0.091
35,1502,15020003,Carrizo Wash,2000,0.230
04,1502,15020004,Zuni,2000,0.330
35,1502,15020004,Zuni,2000,11.390
04,1502,15020005,Silver,2000,38.823
04,1502,15020006,Upper Puerco,2000,13.124
35,1502,15020006,Upper Puerco,2000,44.730
04,1502,15020007,Lower Puerco,2000,3.596
04,1502,15020008,Middle Little Colorado,2000,18.185
04,1502,15020009,Leroux Wash,2000,1.840
04,1502,15020010,Chevelon Canyon,2000,3.786
04,1502,15020011,Cottonwood Wash,2000,7.979
04,1502,15020012,Corn-Oraibi,2000,2.579
04,1502,15020013,Polacca Wash,2000,9.138
04,1502,15020014,Jadito Wash,2000,4.224
04,1502,15020015,Canyon Diablo,2000,69.096
04,1502,15020016,Lower Little Colorado,2000,1.786
04,1502,15020017,Dinnebito Wash,2000,1.539
04,1502,15020018,Moenkopi Wash,2000,15.484
04,1503,15030101,Havasu-Mohave Lake,2000,92.314
06,1503,15030101,Havasu-Mohave Lake,2000,6.096
32,1503,15030101,Havasu-Mohave Lake,2000,10.740
06,1503,15030102,Piute Wash,2000,0.000
32,1503,15030102,Piute Wash,2000,0.854
04,1503,15030103,Sacramento Wash,2000,13.522
04,1503,15030104,Imperial Reservoir,2000,11.477
06,1503,15030104,Imperial Reservoir,2000,12.155
04,1503,15030105,Bouse Wash,2000,2.377
04,1503,15030106,Tyson Wash,2000,4.255
04,1503,15030107,Lower Colorado,2000,3.024
06,1503,15030107,Lower Colorado,2000,0.529
04,1503,15030108,Yuma Desert,2000,127.006
04,1503,15030201,Big Sandy,2000,1.409
04,1503,15030202,Burro,2000,0.286
04,1503,15030203,Santa Maria,2000,3.903
04,1503,15030204,Bill Williams,2000,0.140
35,1504,15040001,Upper Gila,2000,1.940
04,1504,15040002,Upper Gila-Mangas,2000,3.570
35,1504,15040002,Upper Gila-Mangas,2000,2.260
04,1504,15040003,Animas Valley,2000,0.000
35,1504,15040003,Animas Valley,2000,5.290
04,1504,15040004,San Francisco,2000,5.354
35,1504,15040004,San Francisco,2000,0.639
04,1504,15040005,Upper Gila-San Carlos Reservoir,2000,29.563
04,1504,15040006,San Simon,2000,1.697
35,1504,15040006,San Simon,2000,0.640
04,1504,15040007,San Carlos,2000,8.662
04,1505,15050100,Middle Gila,2000,902.494
04,1505,15050201,Willcox Playa,2000,11.350
04,1505,15050202,Upper San Pedro,2000,81.223
04,1505,15050203,Lower San Pedro,2000,5.308
04,1505,15050301,Upper Santa Cruz,2000,520.231
04,1505,15050302,Rillito,2000,302.356
04,1505,15050303,Lower Santa Cruz,2000,71.924
04,1505,15050304,Brawley Wash,2000,48.720
04,1505,15050305,Aguirre Valley,2000,0.171
04,1505,15050306,Santa Rosa Wash,2000,1.560
04,1506,15060101,Black,2000,0.000
04,1506,15060102,White,2000,9.837
04,1506,15060103,Upper Salt,2000,18.622
04,1506,15060104,Carrizo,2000,0.861
04,1506,15060105,Tonto,2000,8.225
04,1506,15060106,Lower Salt,2000,919.317
04,1506,15060201,Big Chino-Williamson Valley,2000,7.655
04,1506,15060202,Upper Verde,2000,111.704
04,1506,15060203,Lower Verde,2000,44.366
04,1507,15070101,Lower Gila-Painted Rock Reservoir,2000,61.665
04,1507,15070102,Agua Fria,2000,1299.478
04,1507,15070103,Hassayampa,2000,16.177
04,1507,15070104,Centennial Wash,2000,6.156
04,1507,15070201,Lower Gila,2000,28.913
04,1507,15070202,Tenmile Wash,2000,3.083
04,1507,15070203,San Cristobal Wash,2000,0.432
04,1508,15080101,San Simon Wash,2000,4.611
04,1508,15080102,Rio Sonoyta,2000,0.227
04,1508,15080103,Tule Desert,2000,0.000
04,1508,15080200,Rio De La Concepcion,2000,0.104
04,1508,15080301,Whitewater Draw,2000,24.464
04,1508,15080302,San Bernardino Valley,2000,0.075
35,1508,15080302,San Bernardino Valley,2000,0.000
35,1508,15080303,Cloverdale,2000,0.000
08,1401,14010001,Colorado Headwaters,2005,16.061
08,1401,14010002,Blue,2005,25.464
08,1401,14010003,Eagle,2005,38.554
08,1401,14010004,Roaring Fork,2005,42.216
08,1401,14010005,Colorado Headwaters-Plateau,2005,147.397
49,1401,14010005,Colorado Headwaters-Plateau,2005,0.000
08,1401,14010006,Parachute-Roan,2005,1.484
08,1402,14020001,East-Taylor,2005,4.632
08,1402,14020002,Upper Gunnison,2005,7.140
08,1402,14020003,Tomichi,2005,5.635
08,1402,14020004,North Fork Gunnison,2005,7.104
08,1402,14020005,Lower Gunnison,2005,28.656
08,1402,14020006,Uncompahgre,2005,43.553
08,1403,14030001,Westwater Canyon,2005,0.780
49,1403,14030001,Westwater Canyon,2005,0.000
08,1403,14030002,Upper Dolores,2005,3.772
49,1403,14030002,Upper Dolores,2005,0.163
08,1403,14030003,San Miguel,2005,8.469
08,1403,14030004,Lower Dolores,2005,0.338
49,1403,14030004,Lower Dolores,2005,0.000
08,1403,14030005,Upper Colorado-Kane Springs,2005,0.000
49,1403,14030005,Upper Colorado-Kane Springs,2005,9.883
56,1404,14040101,Upper Green,2005,4.610
56,1404,14040102,New Fork,2005,4.910
56,1404,14040103,Upper Green-Slate,2005,8.632
56,1404,14040104,Big Sandy,2005,0.821
56,1404,14040105,Bitter,2005,25.881
08,1404,14040106,Upper Green-Flaming Gorge Reservoir,2005,0.038
49,1404,14040106,Upper Green-Flaming Gorge Reservoir,2005,0.943
56,1404,14040106,Upper Green-Flaming Gorge Reservoir,2005,3.462
49,1404,14040107,Blacks Fork,2005,0.000
56,1404,14040107,Blacks Fork,2005,9.837
49,1404,14040108,Muddy,2005,0.000
56,1404,14040108,Muddy,2005,0.000
08,1404,14040109,Vermilion,2005,0.033
56,1404,14040109,Vermilion,2005,0.000
56,1404,14040200,Great Divide Closed Basin,2005,0.705
08,1405,14050001,Upper Yampa,2005,32.856
08,1405,14050002,Lower Yampa,2005,1.154
08,1405,14050003,Little Snake,2005,0.245
56,1405,14050003,Little Snake,2005,0.900
56,1405,14050004,Muddy,2005,0.000
08,1405,14050005,Upper White,2005,3.527
08,1405,14050006,Piceance-Yellow,2005,0.312
08,1405,14050007,Lower White,2005,3.049
49,1405,14050007,Lower White,2005,0.000
08,1406,14060001,Lower Green-Diamond,2005,0.047
49,1406,14060001,Lower Green-Diamond,2005,1.000
49,1406,14060002,Ashley-Brush,2005,21.882
49,1406,14060003,Duchesne,2005,20.467
49,1406,14060004,Strawberry,2005,1.090
49,1406,14060005,Lower Green-Desolation Canyon,2005,0.125
49,1406,14060006,Willow,2005,0.000
49,1406,14060007,Price,2005,21.207
49,1406,14060008,Lower Green,2005,0.972
49,1406,14060009,San Rafael,2005,7.968
49,1407,14070001,Upper Lake Powell,2005,0.383
49,1407,14070002,Muddy,2005,0.300
49,1407,14070003,Fremont,2005,2.450
49,1407,14070004,Dirty Devil,2005,0.000
49,1407,14070005,Escalante,2005,0.925
04,1407,14070006,Lower Lake Powell,2005,10.884
49,1407,14070006,Lower Lake Powell,2005,0.558
04,1407,14070007,Paria,2005,0.000
49,1407,14070007,Paria,2005,1.146
08,1408,14080101,Upper San Juan,2005,16.189
35,1408,14080101,Upper San Juan,2005,32.180
08,1408,14080102,Piedra,2005,6.264
35,1408,14080103,Blanco Canyon,2005,0.951
08,1408,14080104,Animas,2005,33.626
35,1408,14080104,Animas,2005,43.266
04,1408,14080105,Middle San Juan,2005,1.318
08,1408,14080105,Middle San Juan,2005,2.682
35,1408,14080105,Middle San Juan,2005,43.896
04,1408,14080106,Chaco,2005,0.000
35,1408,14080106,Chaco,2005,21.179
08,1408,14080107,Mancos,2005,4.366
35,1408,14080107,Mancos,2005,0.045
04,1408,14080201,Lower San Juan-Four Corners,2005,1.595
08,1408,14080201,Lower San Juan-Four Corners,2005,0.084
35,1408,14080201,Lower San Juan-Four Corners,2005,0.000
49,1408,14080201,Lower San Juan-Four Corners,2005,8.430
08,1408,14080202,Mcelmo,2005,17.386
49,1408,14080202,Mcelmo,2005,0.151
08,1408,14080203,Montezuma,2005,1.952
49,1408,14080203,Montezuma,2005,1.959
04,1408,14080204,Chinle,2005,31.862
35,1408,14080204,Chinle,2005,2.087
49,1408,14080204,Chinle,2005,0.310
04,1408,14080205,Lower San Juan,2005,0.759
49,1408,14080205,Lower San Juan,2005,2.422
04,1501,15010001,Lower Colorado-Marble Canyon,2005,0.867
04,1501,15010002,Grand Canyon,2005,0.562
04,1501,15010003,Kanab,2005,1.613
49,1501,15010003,Kanab,2005,4.039
04,1501,15010004,Havasu Canyon,2005,8.051
04,1501,15010005,Lake Mead,2005,1.310
32,1501,15010005,Lake Mead,2005,2.790
04,1501,15010006,Grand Wash,2005,0.000
32,1501,15010006,Grand Wash,2005,0.005
04,1501,15010007,Hualapai Wash,2005,44.366
49,1501,15010008,Upper Virgin,2005,99.741
04,1501,15010009,Fort Pearce Wash,2005,6.178
49,1501,15010009,Fort Pearce Wash,2005,11.660
04,1501,15010010,Lower Virgin,2005,3.744
32,1501,15010010,Lower Virgin,2005,13.058
49,1501,15010010,Lower Virgin,2005,6.393
32,1501,15010011,White,2005,1.155
32,1501,15010012,Muddy,2005,5.683
32,1501,15010013,Meadow Valley Wash,2005,4.798
49,1501,15010013,Meadow Valley Wash,2005,0.000
04,1501,15010014,Detrital Wash,2005,1.685
32,1501,15010015,Las Vegas Wash,2005,1656.591
04,1502,15020001,Little Colorado Headwaters,2005,7.905
35,1502,15020001,Little Colorado Headwaters,2005,0.000
04,1502,15020002,Upper Little Colorado,2005,8.491
35,1502,15020002,Upper Little Colorado,2005,0.000
04,1502,15020003,Carrizo Wash,2005,0.069
35,1502,15020003,Carrizo Wash,2005,0.556
04,1502,15020004,Zuni,2005,0.347
35,1502,15020004,Zuni,2005,11.225
04,1502,15020005,Silver,2005,43.282
04,1502,15020006,Upper Puerco,2005,13.106
35,1502,15020006,Upper Puerco,2005,43.003
04,1502,15020007,Lower Puerco,2005,3.633
04,1502,15020008,Middle Little Colorado,2005,20.167
04,1502,15020009,Leroux Wash,2005,1.842
04,1502,15020010,Chevelon Canyon,2005,4.244
04,1502,15020011,Cottonwood Wash,2005,8.237
04,1502,15020012,Corn-Oraibi,2005,2.811
04,1502,15020013,Polacca Wash,2005,10.104
04,1502,15020014,Jadito Wash,2005,4.732
04,1502,15020015,Canyon Diablo,2005,73.700
04,1502,15020016,Lower Little Colorado,2005,1.858
04,1502,15020017,Dinnebito Wash,2005,1.658
04,1502,15020018,Moenkopi Wash,2005,16.599
04,1503,15030101,Havasu-Mohave Lake,2005,111.197
06,1503,15030101,Havasu-Mohave Lake,2005,5.791
32,1503,15030101,Havasu-Mohave Lake,2005,13.355
06,1503,15030102,Piute Wash,2005,0.000
32,1503,15030102,Piute Wash,2005,0.818
04,1503,15030103,Sacramento Wash,2005,16.286
04,1503,15030104,Imperial Reservoir,2005,11.895
06,1503,15030104,Imperial Reservoir,2005,22.021
04,1503,15030105,Bouse Wash,2005,2.449
04,1503,15030106,Tyson Wash,2005,4.371
04,1503,15030107,Lower Colorado,2005,3.444
06,1503,15030107,Lower Colorado,2005,0.462
04,1503,15030108,Yuma Desert,2005,143.753
04,1503,15030201,Big Sandy,2005,1.697
04,1503,15030202,Burro,2005,0.397
04,1503,15030203,Santa Maria,2005,4.570
04,1503,15030204,Bill Williams,2005,0.142
35,1504,15040001,Upper Gila,2005,1.870
04,1504,15040002,Upper Gila-Mangas,2005,3.144
35,1504,15040002,Upper Gila-Mangas,2005,2.165
04,1504,15040003,Animas Valley,2005,0.000
35,1504,15040003,Animas Valley,2005,4.585
04,1504,15040004,San Francisco,2005,4.763
35,1504,15040004,San Francisco,2005,0.898
04,1504,15040005,Upper Gila-San Carlos Reservoir,2005,29.220
04,1504,15040006,San Simon,2005,1.784
35,1504,15040006,San Simon,2005,0.554
04,1504,15040007,San Carlos,2005,8.665
04,1505,15050100,Middle Gila,2005,1078.009
04,1505,15050201,Willcox Playa,2005,12.029
04,1505,15050202,Upper San Pedro,2005,87.013
04,1505,15050203,Lower San Pedro,2005,6.516
04,1505,15050301,Upper Santa Cruz,2005,571.277
04,1505,15050302,Rillito,2005,331.662
04,1505,15050303,Lower Santa Cruz,2005,90.955
04,1505,15050304,Brawley Wash,2005,53.638
04,1505,15050305,Aguirre Valley,2005,0.000
04,1505,15050306,Santa Rosa Wash,2005,1.383
04,1506,15060101,Black,2005,0.000
04,1506,15060102,White,2005,10.743
04,1506,15060103,Upper Salt,2005,19.016
04,1506,15060104,Carrizo,2005,0.847
04,1506,15060105,Tonto,2005,8.266
04,1506,15060106,Lower Salt,2005,1088.400
04,1506,15060201,Big Chino-Williamson Valley,2005,9.014
04,1506,15060202,Upper Verde,2005,131.641
04,1506,15060203,Lower Verde,2005,50.659
04,1507,15070101,Lower Gila-Painted Rock Reservoir,2005,72.711
04,1507,15070102,Agua Fria,2005,1538.136
04,1507,15070103,Hassayampa,2005,18.119
04,1507,15070104,Centennial Wash,2005,5.923
04,1507,15070201,Lower Gila,2005,32.630
04,1507,15070202,Tenmile Wash,2005,3.880
04,1507,15070203,San Cristobal Wash,2005,0.363
04,1508,15080101,San Simon Wash,2005,4.624
04,1508,15080102,Rio Sonoyta,2005,0.000
04,1508,15080103,Tule Desert,2005,0.000
04,1508,15080200,Rio De La Concepcion,2005,0.126
04,1508,15080301,Whitewater Draw,2005,26.230
04,1508,15080302,San Bernardino Valley,2005,0.126
35,1508,15080302,San Bernardino Valley,2005,0.000
35,1508,15080303,Cloverdale,2005,0.000
08,1401,14010001,Colorado Headwaters,2010,16.912
08,1401,14010002,Blue,2010,28.341
08,1401,14010003,Eagle,2010,43.168
08,1401,14010004,Roaring Fork,2010,45.795
08,1401,14010005,Colorado Headwaters-Plateau,2010,167.829
49,1401,14010005,Colorado Headwaters-Plateau,2010,0.000
08,1402,14020001,East-Taylor,2010,4.620
08,1402,14020002,Upper Gunnison,2010,8.176
08,1402,14020003,Tomichi,2010,4.070
08,1402,14020004,North Fork Gunnison,2010,7.789
08,1402,14020005,Lower Gunnison,2010,31.275
08,1402,14020006,Uncompahgre,2010,46.697
08,1403,14030001,Westwater Canyon,2010,0.525
49,1403,14030001,Westwater Canyon,2010,0.019
08,1403,14030002,Upper Dolores,2010,2.393
49,1403,14030002,Upper Dolores,2010,0.163
08,1403,14030003,San Miguel,2010,9.749
08,1403,14030004,Lower Dolores,2010,0.294
49,1403,14030004,Lower Dolores,2010,0.008
08,1403,14030005,Upper Colorado-Kane Springs,2010,0.000
49,1403,14030005,Upper Colorado-Kane Springs,2010,10.236
56,1404,14040101,Upper Green,2010,5.149
56,1404,14040102,New Fork,2010,5.651
56,1404,14040103,Upper Green-Slate,2010,5.310
56,1404,14040104,Big Sandy,2010,0.838
56,1404,14040105,Bitter,2010,28.801
08,1404,14040106,Upper Green-Flaming Gorge Reservoir,2010,0.029
49,1404,14040106,Upper Green-Flaming Gorge Reservoir,2010,1.063
56,1404,14040106,Upper Green-Flaming Gorge Reservoir,2010,8.040
49,1404,14040107,Blacks Fork,2010,0.000
56,1404,14040107,Blacks Fork,2010,10.435
49,1404,14040108,Muddy,2010,0.000
56,1404,14040108,Muddy,2010,0.142
08,1404,14040109,Vermilion,2010,0.030
56,1404,14040109,Vermilion,2010,0.002
56,1404,14040200,Great Divide Closed Basin,2010,0.647
08,1405,14050001,Upper Yampa,2010,35.499
08,1405,14050002,Lower Yampa,2010,1.038
08,1405,14050003,Little Snake,2010,0.168
56,1405,14050003,Little Snake,2010,0.954
56,1405,14050004,Muddy,2010,0.052
08,1405,14050005,Upper White,2010,3.732
08,1405,14050006,Piceance-Yellow,2010,0.125
08,1405,14050007,Lower White,2010,3.216
49,1405,14050007,Lower White,2010,0.021
08,1406,14060001,Lower Green-Diamond,2010,0.026
49,1406,14060001,Lower Green-Diamond,2010,1.020
49,1406,14060002,Ashley-Brush,2010,25.799
49,1406,14060003,Duchesne,2010,22.823
49,1406,14060004,Strawberry,2010,1.415
49,1406,14060005,Lower Green-Desolation Canyon,2010,0.125
49,1406,14060006,Willow,2010,0.003
49,1406,14060007,Price,2010,22.949
49,1406,14060008,Lower Green,2010,1.218
49,1406,14060009,San Rafael,2010,7.998
49,1407,14070001,Upper Lake Powell,2010,0.271
49,1407,14070002,Muddy,2010,0.314
49,1407,14070003,Fremont,2010,2.787
49,1407,14070004,Dirty Devil,2010,0.011
49,1407,14070005,Escalante,2010,1.258
04,1407,14070006,Lower Lake Powell,2010,11.871
49,1407,14070006,Lower Lake Powell,2010,0.637
04,1407,14070007,Paria,2010,0.038
49,1407,14070007,Paria,2010,1.015
08,1408,14080101,Upper San Juan,2010,17.265
35,1408,14080101,Upper San Juan,2010,30.389
08,1408,14080102,Piedra,2010,7.034
35,1408,14080103,Blanco Canyon,2010,0.873
08,1408,14080104,Animas,2010,37.729
35,1408,14080104,Animas,2010,48.697
04,1408,14080105,Middle San Juan,2010,1.337
08,1408,14080105,Middle San Juan,2010,2.136
35,1408,14080105,Middle San Juan,2010,45.185
04,1408,14080106,Chaco,2010,0.000
35,1408,14080106,Chaco,2010,22.116
08,1408,14080107,Mancos,2010,4.844
35,1408,14080107,Mancos,2010,0.000
04,1408,14080201,Lower San Juan-Four Corners,2010,1.680
08,1408,14080201,Lower San Juan-Four Corners,2010,0.000
35,1408,14080201,Lower San Juan-Four Corners,2010,0.000
49,1408,14080201,Lower San Juan-Four Corners,2010,7.815
08,1408,14080202,Mcelmo,2010,18.809
49,1408,14080202,Mcelmo,2010,0.143
08,1408,14080203,Montezuma,2010,0.230
49,1408,14080203,Montezuma,2010,2.981
04,1408,14080204,Chinle,2010,32.618
35,1408,14080204,Chinle,2010,0.000
49,1408,14080204,Chinle,2010,0.310
04,1408,14080205,Lower San Juan,2010,0.803
49,1408,14080205,Lower San Juan,2010,2.154
04,1501,15010001,Lower Colorado-Marble Canyon,2010,0.920
04,1501,15010002,Grand Canyon,2010,0.677
04,1501,15010003,Kanab,2010,1.721
49,1501,15010003,Kanab,2010,4.986
04,1501,15010004,Havasu Canyon,2010,8.733
04,1501,15010005,Lake Mead,2010,1.361
32,1501,15010005,Lake Mead,2010,3.943
04,1501,15010006,Grand Wash,2010,0.000
32,1501,15010006,Grand Wash,2010,0.005
04,1501,15010007,Hualapai Wash,2010,47.486
49,1501,15010008,Upper Virgin,2010,117.278
04,1501,15010009,Fort Pearce Wash,2010,6.571
49,1501,15010009,Fort Pearce Wash,2010,12.873
04,1501,15010010,Lower Virgin,2010,3.924
32,1501,15010010,Lower Virgin,2010,16.621
49,1501,15010010,Lower Virgin,2010,7.554
32,1501,15010011,White,2010,1.850
32,1501,15010012,Muddy,2010,7.833
32,1501,15010013,Meadow Valley Wash,2010,4.508
49,1501,15010013,Meadow Valley Wash,2010,0.000
04,1501,15010014,Detrital Wash,2010,1.801
32,1501,15010015,Las Vegas Wash,2010,1898.198
04,1502,15020001,Little Colorado Headwaters,2010,8.152
35,1502,15020001,Little Colorado Headwaters,2010,0.000
04,1502,15020002,Upper Little Colorado,2010,8.709
35,1502,15020002,Upper Little Colorado,2010,0.000
04,1502,15020003,Carrizo Wash,2010,0.094
35,1502,15020003,Carrizo Wash,2010,1.923
04,1502,15020004,Zuni,2010,0.340
35,1502,15020004,Zuni,2010,11.044
04,1502,15020005,Silver,2010,42.699
04,1502,15020006,Upper Puerco,2010,13.521
35,1502,15020006,Upper Puerco,2010,44.203
04,1502,15020007,Lower Puerco,2010,3.748
04,1502,15020008,Middle Little Colorado,2010,20.174
04,1502,15020009,Leroux Wash,2010,1.905
04,1502,15020010,Chevelon Canyon,2010,4.178
04,1502,15020011,Cottonwood Wash,2010,8.419
04,1502,15020012,Corn-Oraibi,2010,2.900
04,1502,15020013,Polacca Wash,2010,10.023
04,1502,15020014,Jadito Wash,2010,4.662
04,1502,15020015,Canyon Diablo,2010,79.753
04,1502,15020016,Lower Little Colorado,2010,2.064
04,1502,15020017,Dinnebito Wash,2010,1.708
04,1502,15020018,Moenkopi Wash,2010,17.770
04,1503,15030101,Havasu-Mohave Lake,2010,119.171
06,1503,15030101,Havasu-Mohave Lake,2010,5.486
32,1503,15030101,Havasu-Mohave Lake,2010,7.655
06,1503,15030102,Piute Wash,2010,0.000
32,1503,15030102,Piute Wash,2010,0.858
04,1503,15030103,Sacramento Wash,2010,17.463
04,1503,15030104,Imperial Reservoir,2010,12.069
06,1503,15030104,Imperial Reservoir,2010,17.182
04,1503,15030105,Bouse Wash,2010,2.470
04,1503,15030106,Tyson Wash,2010,4.424
04,1503,15030107,Lower Colorado,2010,3.699
06,1503,15030107,Lower Colorado,2010,0.394
04,1503,15030108,Yuma Desert,2010,155.357
04,1503,15030201,Big Sandy,2010,1.812
04,1503,15030202,Burro,2010,0.380
04,1503,15030203,Santa Maria,2010,4.917
04,1503,15030204,Bill Williams,2010,0.170
35,1504,15040001,Upper Gila,2010,0.000
04,1504,15040002,Upper Gila-Mangas,2010,3.523
35,1504,15040002,Upper Gila-Mangas,2010,2.335
04,1504,15040003,Animas Valley,2010,0.000
35,1504,15040003,Animas Valley,2010,4.894
04,1504,15040004,San Francisco,2010,5.293
35,1504,15040004,San Francisco,2010,1.869
04,1504,15040005,Upper Gila-San Carlos Reservoir,2010,32.884
04,1504,15040006,San Simon,2010,1.891
35,1504,15040006,San Simon,2010,0.000
04,1504,15040007,San Carlos,2010,9.206
04,1505,15050100,Middle Gila,2010,1208.575
04,1505,15050201,Willcox Playa,2010,12.655
04,1505,15050202,Upper San Pedro,2010,90.661
04,1505,15050203,Lower San Pedro,2010,10.730
04,1505,15050301,Upper Santa Cruz,2010,611.706
04,1505,15050302,Rillito,2010,351.290
04,1505,15050303,Lower Santa Cruz,2010,144.341
04,1505,15050304,Brawley Wash,2010,56.604
04,1505,15050305,Aguirre Valley,2010,0.209
04,1505,15050306,Santa Rosa Wash,2010,2.104
04,1506,15060101,Black,2010,0.047
04,1506,15060102,White,2010,10.737
04,1506,15060103,Upper Salt,2010,19.525
04,1506,15060104,Carrizo,2010,0.925
04,1506,15060105,Tonto,2010,8.587
04,1506,15060106,Lower Salt,2010,1143.284
04,1506,15060201,Big Chino-Williamson Valley,2010,9.559
04,1506,15060202,Upper Verde,2010,139.823
04,1506,15060203,Lower Verde,2010,51.810
04,1507,15070101,Lower Gila-Painted Rock Reservoir,2010,76.623
04,1507,15070102,Agua Fria,2010,1615.457
04,1507,15070103,Hassayampa,2010,20.153
04,1507,15070104,Centennial Wash,2010,7.211
04,1507,15070201,Lower Gila,2010,35.369
04,1507,15070202,Tenmile Wash,2010,3.588
04,1507,15070203,San Cristobal Wash,2010,0.524
04,1508,15080101,San Simon Wash,2010,5.357
04,1508,15080102,Rio Sonoyta,2010,0.264
04,1508,15080103,Tule Desert,2010,0.000
04,1508,15080200,Rio De La Concepcion,2010,0.156
04,1508,15080301,Whitewater Draw,2010,27.286
04,1508,15080302,San Bernardino Valley,2010,0.084
35,1508,15080302,San Bernardino Valley,2010,0.000
35,1508,15080303,Cloverdale,2010,0.000
