STATECODE,HUC4CODE,HUC8CODE,HUCNAME,YEAR,IN-WGWFr,IN-WGWSa,IN-WGWTo,IN-WSWFr,IN-WSWSa,IN-WSWTo,IN-WFrTo,IN-WSaTo,IN-WTotl,
08,1401,14010001,Colorado Headwaters,1985,0.01,0.00,0.01,0.00,0.00,0.00,0.01,0.00,0.01,
08,1401,14010002,Blue,1985,0.00,0.00,0.00,0.00,0.00,0.00,0.00,0.00,0.00,
08,1401,14010003,Eagle,1985,0.00,0.00,0.00,0.00,0.00,0.00,0.00,0.00,0.00,
08,1401,14010004,Roaring Fork,1985,0.00,0.00,0.00,0.00,0.00,0.00,0.00,0.00,0.00,
08,1401,14010005,Colorado Headwaters-Plateau,1985,0.02,0.00,0.02,0.08,0.00,0.08,0.10,0.00,0.10,
49,1401,14010005,Colorado Headwaters-Plateau,1985,0.00,0.00,0.00,0.00,0.00,0.00,0.00,0.00,0.00,
08,1401,14010006,Parachute-Roan,1985,0.16,0.00,0.16,0.00,0.00,0.00,0.16,0.00,0.16,
08,1402,14020001,East-Taylor,1985,0.00,0.00,0.00,0.00,0.00,0.00,0.00,0.00,0.00,
08,1402,14020002,Upper Gunnison,1985,0.00,0.00,0.00,0.00,0.00,0.00,0.00,0.00,0.00,
08,1402,14020003,Tomichi,1985,0.00,0.00,0.00,0.00,0.00,0.00,0.00,0.00,0.00,
08,1402,14020004,North Fork Gunnison,1985,0.00,0.00,0.00,0.00,0.00,0.00,0.00,0.00,0.00,
08,1402,14020005,Lower Gunnison,1985,0.00,0.00,0.00,0.00,0.00,0.00,0.00,0.00,0.00,
08,1402,14020006,Uncompahgre,1985,0.00,0.00,0.00,0.00,0.00,0.00,0.00,0.00,0.00,
08,1403,14030001,Westwater Canyon,1985,0.00,0.00,0.00,0.00,0.00,0.00,0.00,0.00,0.00,
49,1403,14030001,Westwater Canyon,1985,0.00,0.00,0.00,0.00,0.00,0.00,0.00,0.00,0.00,
08,1403,14030002,Upper Dolores,1985,0.00,0.00,0.00,0.00,0.00,0.00,0.00,0.00,0.00,
49,1403,14030002,Upper Dolores,1985,0.00,0.00,0.00,0.00,0.00,0.00,0.00,0.00,0.00,
08,1403,14030003,San Miguel,1985,0.00,0.00,0.00,0.00,0.00,0.00,0.00,0.00,0.00,
08,1403,14030004,Lower Dolores,1985,0.00,0.00,0.00,0.00,0.00,0.00,0.00,0.00,0.00,
49,1403,14030004,Lower Dolores,1985,0.00,0.00,0.00,0.00,0.00,0.00,0.00,0.00,0.00,
49,1403,14030005,Upper Colorado-Kane Springs,1985,0.03,0.00,0.03,0.00,0.00,0.00,0.03,0.00,0.03,
08,1403,14030005,Upper Colorado-Kane Springs,1985,0.00,0.00,0.00,0.00,0.00,0.00,0.00,0.00,0.00,
56,1404,14040101,Upper Green,1985,0.00,0.00,0.00,0.00,0.00,0.00,0.00,0.00,0.00,
56,1404,14040102,New Fork,1985,0.00,0.00,0.00,0.00,0.00,0.00,0.00,0.00,0.00,
56,1404,14040103,Upper Green-Slate,1985,0.11,0.00,0.11,0.02,0.00,0.02,0.13,0.00,0.13,
56,1404,14040104,Big Sandy,1985,0.00,0.00,0.00,0.00,0.00,0.00,0.00,0.00,0.00,
56,1404,14040105,Bitter,1985,0.45,0.00,0.45,0.09,0.00,0.09,0.54,0.00,0.54,
49,1404,14040106,Upper Green-Flaming Gorge Reservoir,1985,0.01,0.00,0.01,0.00,0.00,0.00,0.01,0.00,0.01,
08,1404,14040106,Upper Green-Flaming Gorge Reservoir,1985,0.00,0.00,0.00,0.00,0.00,0.00,0.00,0.00,0.00,
56,1404,14040106,Upper Green-Flaming Gorge Reservoir,1985,0.00,0.00,0.00,0.00,0.00,0.00,0.00,0.00,0.00,
49,1404,14040107,Blacks Fork,1985,0.00,0.00,0.00,0.00,0.00,0.00,0.00,0.00,0.00,
56,1404,14040107,Blacks Fork,1985,0.00,0.00,0.00,0.00,0.00,0.00,0.00,0.00,0.00,
49,1404,14040108,Muddy,1985,0.00,0.00,0.00,0.00,0.00,0.00,0.00,0.00,0.00,
56,1404,14040108,Muddy,1985,0.00,0.00,0.00,0.00,0.00,0.00,0.00,0.00,0.00,
08,1404,14040109,Vermilion,1985,0.00,0.00,0.00,0.00,0.00,0.00,0.00,0.00,0.00,
56,1404,14040109,Vermilion,1985,0.00,0.00,0.00,0.00,0.00,0.00,0.00,0.00,0.00,
56,1404,14040200,Great Divide Closed Basin,1985,0.00,0.00,0.00,0.00,0.00,0.00,0.00,0.00,0.00,
08,1405,14050001,Upper Yampa,1985,0.00,0.00,0.00,0.00,0.00,0.00,0.00,0.00,0.00,
08,1405,14050002,Lower Yampa,1985,0.00,0.00,0.00,0.00,0.00,0.00,0.00,0.00,0.00,
08,1405,14050003,Little Snake,1985,0.00,0.00,0.00,0.00,0.00,0.00,0.00,0.00,0.00,
56,1405,14050003,Little Snake,1985,0.00,0.00,0.00,0.00,0.00,0.00,0.00,0.00,0.00,
56,1405,14050004,Muddy,1985,0.00,0.00,0.00,0.00,0.00,0.00,0.00,0.00,0.00,
08,1405,14050005,Upper White,1985,0.00,0.00,0.00,0.00,0.00,0.00,0.00,0.00,0.00,
08,1405,14050006,Piceance-Yellow,1985,0.00,0.00,0.00,0.00,0.00,0.00,0.00,0.00,0.00,
49,1405,14050007,Lower White,1985,0.00,0.02,0.02,0.00,0.00,0.00,0.00,0.02,0.02,
08,1405,14050007,Lower White,1985,0.00,0.00,0.00,0.00,0.00,0.00,0.00,0.00,0.00,
08,1406,14060001,Lower Green-Diamond,1985,0.00,0.00,0.00,0.00,0.00,0.00,0.00,0.00,0.00,
49,1406,14060001,Lower Green-Diamond,1985,0.00,0.00,0.00,0.00,0.00,0.00,0.00,0.00,0.00,
49,1406,14060002,Ashley-Brush,1985,0.00,0.00,0.00,0.00,0.00,0.00,0.00,0.00,0.00,
49,1406,14060003,Duchesne,1985,0.00,0.00,0.00,0.00,0.00,0.00,0.00,0.00,0.00,
49,1406,14060004,Strawberry,1985,0.00,0.00,0.00,0.00,0.00,0.00,0.00,0.00,0.00,
49,1406,14060005,Lower Green-Desolation Canyon,1985,0.00,0.00,0.00,0.00,0.00,0.00,0.00,0.00,0.00,
49,1406,14060006,Willow,1985,0.00,0.00,0.00,0.00,0.00,0.00,0.00,0.00,0.00,
49,1406,14060007,Price,1985,0.61,0.00,0.61,5.03,0.00,5.03,5.64,0.00,5.64,
49,1406,14060008,Lower Green,1985,0.00,0.00,0.00,0.00,0.00,0.00,0.00,0.00,0.00,
49,1406,14060009,San Rafael,1985,0.00,0.00,0.00,0.00,0.00,0.00,0.00,0.00,0.00,
49,1407,14070001,Upper Lake Powell,1985,0.00,0.00,0.00,0.00,0.00,0.00,0.00,0.00,0.00,
49,1407,14070002,Muddy,1985,0.07,0.00,0.07,0.00,0.00,0.00,0.07,0.00,0.07,
49,1407,14070003,Fremont,1985,0.00,0.00,0.00,0.00,0.00,0.00,0.00,0.00,0.00,
49,1407,14070004,Dirty Devil,1985,0.00,0.00,0.00,0.00,0.00,0.00,0.00,0.00,0.00,
49,1407,14070005,Escalante,1985,0.09,0.00,0.09,0.00,0.00,0.00,0.09,0.00,0.09,
04,1407,14070006,Lower Lake Powell,1985,0.00,0.00,0.00,0.00,0.00,0.00,0.00,0.00,0.00,
49,1407,14070006,Lower Lake Powell,1985,0.00,0.00,0.00,0.00,0.00,0.00,0.00,0.00,0.00,
04,1407,14070007,Paria,1985,0.00,0.00,0.00,0.00,0.00,0.00,0.00,0.00,0.00,
49,1407,14070007,Paria,1985,0.00,0.00,0.00,0.00,0.00,0.00,0.00,0.00,0.00,
35,1408,14080101,Upper San Juan,1985,0.01,0.00,0.01,0.09,0.00,0.09,0.10,0.00,0.10,
08,1408,14080101,Upper San Juan,1985,0.00,0.00,0.00,0.00,0.00,0.00,0.00,0.00,0.00,
08,1408,14080102,Piedra,1985,0.00,0.00,0.00,0.00,0.00,0.00,0.00,0.00,0.00,
35,1408,14080103,Blanco Canyon,1985,0.00,0.00,0.00,0.00,0.00,0.00,0.00,0.00,0.00,
08,1408,14080104,Animas,1985,0.00,0.00,0.00,1.46,0.00,1.46,1.46,0.00,1.46,
35,1408,14080104,Animas,1985,0.00,0.00,0.00,0.00,0.00,0.00,0.00,0.00,0.00,
35,1408,14080105,Middle San Juan,1985,0.00,0.00,0.00,0.10,0.00,0.10,0.10,0.00,0.10,
04,1408,14080105,Middle San Juan,1985,0.00,0.00,0.00,0.00,0.00,0.00,0.00,0.00,0.00,
08,1408,14080105,Middle San Juan,1985,0.00,0.00,0.00,0.00,0.00,0.00,0.00,0.00,0.00,
04,1408,14080106,Chaco,1985,0.00,0.00,0.00,0.00,0.00,0.00,0.00,0.00,0.00,
35,1408,14080106,Chaco,1985,0.00,0.00,0.00,0.00,0.00,0.00,0.00,0.00,0.00,
08,1408,14080107,Mancos,1985,0.00,0.00,0.00,0.00,0.00,0.00,0.00,0.00,0.00,
35,1408,14080107,Mancos,1985,0.00,0.00,0.00,0.00,0.00,0.00,0.00,0.00,0.00,
04,1408,14080201,Lower San Juan-Four Corners,1985,0.00,0.00,0.00,0.00,0.00,0.00,0.00,0.00,0.00,
08,1408,14080201,Lower San Juan-Four Corners,1985,0.00,0.00,0.00,0.00,0.00,0.00,0.00,0.00,0.00,
35,1408,14080201,Lower San Juan-Four Corners,1985,0.00,0.00,0.00,0.00,0.00,0.00,0.00,0.00,0.00,
49,1408,14080201,Lower San Juan-Four Corners,1985,0.00,0.00,0.00,0.00,0.00,0.00,0.00,0.00,0.00,
08,1408,14080202,Mcelmo,1985,0.00,0.00,0.00,0.00,0.00,0.00,0.00,0.00,0.00,
49,1408,14080202,Mcelmo,1985,0.00,0.00,0.00,0.00,0.00,0.00,0.00,0.00,0.00,
49,1408,14080203,Montezuma,1985,0.06,0.00,0.06,0.00,0.00,0.00,0.06,0.00,0.06,
08,1408,14080203,Montezuma,1985,0.00,0.00,0.00,0.00,0.00,0.00,0.00,0.00,0.00,
04,1408,14080204,Chinle,1985,0.00,0.00,0.00,0.00,0.00,0.00,0.00,0.00,0.00,
35,1408,14080204,Chinle,1985,0.00,0.00,0.00,0.00,0.00,0.00,0.00,0.00,0.00,
49,1408,14080204,Chinle,1985,0.00,0.00,0.00,0.00,0.00,0.00,0.00,0.00,0.00,
04,1408,14080205,Lower San Juan,1985,0.00,0.00,0.00,0.00,0.00,0.00,0.00,0.00,0.00,
49,1408,14080205,Lower San Juan,1985,0.00,0.00,0.00,0.00,0.00,0.00,0.00,0.00,0.00,
04,1501,15010001,Lower Colorado-Marble Canyon,1985,0.00,0.00,0.00,0.00,0.00,0.00,0.00,0.00,0.00,
04,1501,15010002,Grand Canyon,1985,0.00,0.00,0.00,0.00,0.00,0.00,0.00,0.00,0.00,
04,1501,15010003,Kanab,1985,0.00,0.00,0.00,0.00,0.00,0.00,0.00,0.00,0.00,
49,1501,15010003,Kanab,1985,0.00,0.00,0.00,0.00,0.00,0.00,0.00,0.00,0.00,
04,1501,15010004,Havasu Canyon,1985,0.00,0.00,0.00,0.00,0.00,0.00,0.00,0.00,0.00,
04,1501,15010005,Lake Mead,1985,0.00,0.00,0.00,0.00,0.00,0.00,0.00,0.00,0.00,
32,1501,15010005,Lake Mead,1985,0.00,0.00,0.00,0.00,0.00,0.00,0.00,0.00,0.00,
04,1501,15010006,Grand Wash,1985,0.00,0.00,0.00,0.00,0.00,0.00,0.00,0.00,0.00,
32,1501,15010006,Grand Wash,1985,0.00,0.00,0.00,0.00,0.00,0.00,0.00,0.00,0.00,
04,1501,15010007,Hualapai Wash,1985,0.04,0.00,0.04,0.00,0.00,0.00,0.04,0.00,0.04,
49,1501,15010008,Upper Virgin,1985,0.00,0.00,0.00,0.00,0.00,0.00,0.00,0.00,0.00,
49,1501,15010009,Fort Pearce Wash,1985,0.13,0.00,0.13,0.00,0.00,0.00,0.13,0.00,0.13,
04,1501,15010009,Fort Pearce Wash,1985,0.00,0.00,0.00,0.00,0.00,0.00,0.00,0.00,0.00,
04,1501,15010010,Lower Virgin,1985,0.00,0.00,0.00,0.00,0.00,0.00,0.00,0.00,0.00,
32,1501,15010010,Lower Virgin,1985,0.00,0.00,0.00,0.00,0.00,0.00,0.00,0.00,0.00,
49,1501,15010010,Lower Virgin,1985,0.00,0.00,0.00,0.00,0.00,0.00,0.00,0.00,0.00,
32,1501,15010011,White,1985,0.00,0.00,0.00,0.00,0.00,0.00,0.00,0.00,0.00,
32,1501,15010012,Muddy,1985,0.00,0.00,0.00,0.00,0.00,0.00,0.00,0.00,0.00,
32,1501,15010013,Meadow Valley Wash,1985,0.00,0.00,0.00,0.00,0.00,0.00,0.00,0.00,0.00,
49,1501,15010013,Meadow Valley Wash,1985,0.00,0.00,0.00,0.00,0.00,0.00,0.00,0.00,0.00,
04,1501,15010014,Detrital Wash,1985,0.00,0.00,0.00,0.00,0.00,0.00,0.00,0.00,0.00,
32,1501,15010015,Las Vegas Wash,1985,0.72,0.00,0.72,8.32,0.00,8.32,9.04,0.00,9.04,
04,1502,15020001,Little Colorado Headwaters,1985,0.00,0.00,0.00,0.00,0.00,0.00,0.00,0.00,0.00,
35,1502,15020001,Little Colorado Headwaters,1985,0.00,0.00,0.00,0.00,0.00,0.00,0.00,0.00,0.00,
04,1502,15020002,Upper Little Colorado,1985,0.00,0.00,0.00,0.00,0.00,0.00,0.00,0.00,0.00,
35,1502,15020002,Upper Little Colorado,1985,0.00,0.00,0.00,0.00,0.00,0.00,0.00,0.00,0.00,
04,1502,15020003,Carrizo Wash,1985,0.00,0.00,0.00,0.00,0.00,0.00,0.00,0.00,0.00,
35,1502,15020003,Carrizo Wash,1985,0.00,0.00,0.00,0.00,0.00,0.00,0.00,0.00,0.00,
04,1502,15020004,Zuni,1985,0.00,0.00,0.00,0.00,0.00,0.00,0.00,0.00,0.00,
35,1502,15020004,Zuni,1985,0.00,0.00,0.00,0.00,0.00,0.00,0.00,0.00,0.00,
04,1502,15020005,Silver,1985,15.63,0.00,15.63,0.00,0.00,0.00,15.63,0.00,15.63,
04,1502,15020006,Upper Puerco,1985,0.00,0.00,0.00,0.00,0.00,0.00,0.00,0.00,0.00,
35,1502,15020006,Upper Puerco,1985,0.00,0.00,0.00,0.00,0.00,0.00,0.00,0.00,0.00,
04,1502,15020007,Lower Puerco,1985,0.00,0.00,0.00,0.00,0.00,0.00,0.00,0.00,0.00,
04,1502,15020008,Middle Little Colorado,1985,0.00,0.00,0.00,0.00,0.00,0.00,0.00,0.00,0.00,
04,1502,15020009,Leroux Wash,1985,0.00,0.00,0.00,0.00,0.00,0.00,0.00,0.00,0.00,
04,1502,15020010,Chevelon Canyon,1985,0.00,0.00,0.00,0.00,0.00,0.00,0.00,0.00,0.00,
04,1502,15020011,Cottonwood Wash,1985,0.00,0.00,0.00,0.00,0.00,0.00,0.00,0.00,0.00,
04,1502,15020012,Corn-Oraibi,1985,0.00,0.00,0.00,0.00,0.00,0.00,0.00,0.00,0.00,
04,1502,15020013,Polacca Wash,1985,0.00,0.00,0.00,0.00,0.00,0.00,0.00,0.00,0.00,
04,1502,15020014,Jadito Wash,1985,0.00,0.00,0.00,0.00,0.00,0.00,0.00,0.00,0.00,
04,1502,15020015,Canyon Diablo,1985,0.00,0.00,0.00,0.00,0.00,0.00,0.00,0.00,0.00,
04,1502,15020016,Lower Little Colorado,1985,0.00,0.00,0.00,0.00,0.00,0.00,0.00,0.00,0.00,
04,1502,15020017,Dinnebito Wash,1985,0.00,0.00,0.00,0.00,0.00,0.00,0.00,0.00,0.00,
04,1502,15020018,Moenkopi Wash,1985,0.00,0.00,0.00,0.00,0.00,0.00,0.00,0.00,0.00,
06,1503,15030101,Havasu-Mohave Lake,1985,0.10,0.00,0.10,0.00,0.00,0.00,0.10,0.00,0.10,
04,1503,15030101,Havasu-Mohave Lake,1985,0.00,0.00,0.00,0.00,0.00,0.00,0.00,0.00,0.00,
32,1503,15030101,Havasu-Mohave Lake,1985,0.00,0.00,0.00,0.00,0.00,0.00,0.00,0.00,0.00,
06,1503,15030102,Piute Wash,1985,0.00,0.00,0.00,0.00,0.00,0.00,0.00,0.00,0.00,
32,1503,15030102,Piute Wash,1985,0.00,0.00,0.00,0.00,0.00,0.00,0.00,0.00,0.00,
04,1503,15030103,Sacramento Wash,1985,0.00,0.00,0.00,0.00,0.00,0.00,0.00,0.00,0.00,
04,1503,15030104,Imperial Reservoir,1985,0.00,0.00,0.00,0.00,0.00,0.00,0.00,0.00,0.00,
06,1503,15030104,Imperial Reservoir,1985,0.00,0.00,0.00,0.00,0.00,0.00,0.00,0.00,0.00,
04,1503,15030105,Bouse Wash,1985,0.00,0.00,0.00,0.00,0.00,0.00,0.00,0.00,0.00,
04,1503,15030106,Tyson Wash,1985,0.00,0.00,0.00,0.00,0.00,0.00,0.00,0.00,0.00,
04,1503,15030107,Lower Colorado,1985,0.53,0.00,0.53,0.00,0.00,0.00,0.53,0.00,0.53,
06,1503,15030107,Lower Colorado,1985,0.11,0.00,0.11,0.00,0.00,0.00,0.11,0.00,0.11,
04,1503,15030108,Yuma Desert,1985,0.00,0.00,0.00,0.00,0.00,0.00,0.00,0.00,0.00,
04,1503,15030201,Big Sandy,1985,0.00,0.00,0.00,0.00,0.00,0.00,0.00,0.00,0.00,
04,1503,15030202,Burro,1985,0.00,0.00,0.00,0.00,0.00,0.00,0.00,0.00,0.00,
04,1503,15030203,Santa Maria,1985,0.00,0.00,0.00,0.00,0.00,0.00,0.00,0.00,0.00,
04,1503,15030204,Bill Williams,1985,0.00,0.00,0.00,0.00,0.00,0.00,0.00,0.00,0.00,
35,1504,15040001,Upper Gila,1985,0.00,0.00,0.00,0.00,0.00,0.00,0.00,0.00,0.00,
04,1504,15040002,Upper Gila-Mangas,1985,0.00,0.00,0.00,0.00,0.00,0.00,0.00,0.00,0.00,
35,1504,15040002,Upper Gila-Mangas,1985,0.00,0.00,0.00,0.00,0.00,0.00,0.00,0.00,0.00,
04,1504,15040003,Animas Valley,1985,0.00,0.00,0.00,0.00,0.00,0.00,0.00,0.00,0.00,
35,1504,15040003,Animas Valley,1985,0.00,0.00,0.00,0.00,0.00,0.00,0.00,0.00,0.00,
04,1504,15040004,San Francisco,1985,0.00,0.00,0.00,0.00,0.00,0.00,0.00,0.00,0.00,
35,1504,15040004,San Francisco,1985,0.00,0.00,0.00,0.00,0.00,0.00,0.00,0.00,0.00,
04,1504,15040005,Upper Gila-San Carlos Reservoir,1985,8.36,0.00,8.36,0.00,0.00,0.00,8.36,0.00,8.36,
04,1504,15040006,San Simon,1985,0.02,0.00,0.02,0.00,0.00,0.00,0.02,0.00,0.02,
35,1504,15040006,San Simon,1985,0.00,0.00,0.00,0.00,0.00,0.00,0.00,0.00,0.00,
04,1504,15040007,San Carlos,1985,0.00,0.00,0.00,0.00,0.00,0.00,0.00,0.00,0.00,
04,1505,15050100,Middle Gila,1985,13.78,0.00,13.78,0.00,0.00,0.00,13.78,0.00,13.78,
04,1505,15050201,Willcox Playa,1985,0.16,0.00,0.16,0.00,0.00,0.00,0.16,0.00,0.16,
04,1505,15050202,Upper San Pedro,1985,0.33,0.00,0.33,0.00,0.00,0.00,0.33,0.00,0.33,
04,1505,15050203,Lower San Pedro,1985,0.00,0.00,0.00,0.00,0.00,0.00,0.00,0.00,0.00,
04,1505,15050301,Upper Santa Cruz,1985,1.33,0.00,1.33,0.00,0.00,0.00,1.33,0.00,1.33,
04,1505,15050302,Rillito,1985,0.56,0.00,0.56,0.00,0.00,0.00,0.56,0.00,0.56,
04,1505,15050303,Lower Santa Cruz,1985,2.50,0.00,2.50,0.00,0.00,0.00,2.50,0.00,2.50,
04,1505,15050304,Brawley Wash,1985,0.00,0.00,0.00,0.00,0.00,0.00,0.00,0.00,0.00,
04,1505,15050305,Aguirre Valley,1985,0.00,0.00,0.00,0.00,0.00,0.00,0.00,0.00,0.00,
04,1505,15050306,Santa Rosa Wash,1985,0.03,0.00,0.03,0.00,0.00,0.00,0.03,0.00,0.03,
04,1506,15060101,Black,1985,0.00,0.00,0.00,0.00,0.00,0.00,0.00,0.00,0.00,
04,1506,15060102,White,1985,0.02,0.00,0.02,0.00,0.00,0.00,0.02,0.00,0.02,
04,1506,15060103,Upper Salt,1985,0.00,0.00,0.00,0.00,0.00,0.00,0.00,0.00,0.00,
04,1506,15060104,Carrizo,1985,0.00,0.00,0.00,0.00,0.00,0.00,0.00,0.00,0.00,
04,1506,15060105,Tonto,1985,0.00,0.00,0.00,0.00,0.00,0.00,0.00,0.00,0.00,
04,1506,15060106,Lower Salt,1985,0.00,0.00,0.00,0.00,0.00,0.00,0.00,0.00,0.00,
04,1506,15060201,Big Chino-Williamson Valley,1985,0.00,0.00,0.00,0.00,0.00,0.00,0.00,0.00,0.00,
04,1506,15060202,Upper Verde,1985,1.12,0.00,1.12,0.53,0.00,0.53,1.65,0.00,1.65,
04,1506,15060203,Lower Verde,1985,0.00,0.00,0.00,0.00,0.00,0.00,0.00,0.00,0.00,
04,1507,15070101,Lower Gila-Painted Rock Reservoir,1985,0.10,0.00,0.10,0.10,0.00,0.10,0.20,0.00,0.20,
04,1507,15070102,Agua Fria,1985,2.65,0.00,2.65,0.18,0.00,0.18,2.82,0.00,2.82,
04,1507,15070103,Hassayampa,1985,0.00,0.00,0.00,0.00,0.00,0.00,0.00,0.00,0.00,
04,1507,15070104,Centennial Wash,1985,0.00,0.00,0.00,0.00,0.00,0.00,0.00,0.00,0.00,
04,1507,15070201,Lower Gila,1985,0.00,9.35,9.35,0.00,0.00,0.00,0.00,9.35,9.35,
04,1507,15070202,Tenmile Wash,1985,0.86,0.00,0.86,0.00,0.00,0.00,0.86,0.00,0.86,
04,1507,15070203,San Cristobal Wash,1985,0.00,0.00,0.00,0.00,0.00,0.00,0.00,0.00,0.00,
04,1508,15080101,San Simon Wash,1985,0.00,0.00,0.00,0.00,0.00,0.00,0.00,0.00,0.00,
04,1508,15080102,Rio Sonoyta,1985,0.00,0.00,0.00,0.00,0.00,0.00,0.00,0.00,0.00,
04,1508,15080103,Tule Desert,1985,0.00,0.00,0.00,0.00,0.00,0.00,0.00,0.00,0.00,
04,1508,15080200,Rio De La Concepcion,1985,0.00,0.00,0.00,0.00,0.00,0.00,0.00,0.00,0.00,
04,1508,15080301,Whitewater Draw,1985,1.48,0.00,1.48,0.00,0.00,0.00,1.48,0.00,1.48,
04,1508,15080302,San Bernardino Valley,1985,0.00,0.00,0.00,0.00,0.00,0.00,0.00,0.00,0.00,
35,1508,15080302,San Bernardino Valley,1985,0.00,0.00,0.00,0.00,0.00,0.00,0.00,0.00,0.00,
35,1508,15080303,Cloverdale,1985,0.00,0.00,0.00,0.00,0.00,0.00,0.00,0.00,0.00,
08,1401,14010001,Colorado Headwaters,1990,0.03,0.00,0.03,0.02,0.00,0.02,0.06,0.00,0.06,
08,1401,14010002,Blue,1990,0.00,0.00,0.00,0.00,0.00,0.00,0.00,0.00,0.00,
08,1401,14010003,Eagle,1990,0.17,0.00,0.17,0.07,0.00,0.07,0.24,0.00,0.24,
08,1401,14010004,Roaring Fork,1990,0.01,0.00,0.01,0.00,0.00,0.00,0.01,0.00,0.01,
08,1401,14010005,Colorado Headwaters-Plateau,1990,0.62,0.00,0.62,0.26,0.00,0.26,0.87,0.00,0.87,
49,1401,14010005,Colorado Headwaters-Plateau,1990,0.00,0.00,0.00,0.00,0.00,0.00,0.00,0.00,0.00,
08,1401,14010006,Parachute-Roan,1990,0.21,0.00,0.21,0.09,0.00,0.09,0.30,0.00,0.30,
08,1402,14020001,East-Taylor,1990,0.00,0.00,0.00,0.00,0.00,0.00,0.00,0.00,0.00,
08,1402,14020002,Upper Gunnison,1990,0.00,0.00,0.00,0.00,0.00,0.00,0.00,0.00,0.00,
08,1402,14020003,Tomichi,1990,0.00,0.00,0.00,0.00,0.00,0.00,0.00,0.00,0.00,
08,1402,14020004,North Fork Gunnison,1990,0.00,0.00,0.00,0.00,0.00,0.00,0.00,0.00,0.00,
08,1402,14020005,Lower Gunnison,1990,0.01,0.00,0.01,0.01,0.00,0.01,0.02,0.00,0.02,
08,1402,14020006,Uncompahgre,1990,0.38,0.00,0.38,0.16,0.00,0.16,0.54,0.00,0.54,
08,1403,14030001,Westwater Canyon,1990,0.00,0.00,0.00,0.00,0.00,0.00,0.00,0.00,0.00,
49,1403,14030001,Westwater Canyon,1990,0.00,0.00,0.00,0.00,0.00,0.00,0.00,0.00,0.00,
08,1403,14030002,Upper Dolores,1990,0.00,0.00,0.00,0.00,0.00,0.00,0.00,0.00,0.00,
49,1403,14030002,Upper Dolores,1990,0.00,0.00,0.00,0.00,0.00,0.00,0.00,0.00,0.00,
08,1403,14030003,San Miguel,1990,0.00,0.00,0.00,0.00,0.00,0.00,0.00,0.00,0.00,
08,1403,14030004,Lower Dolores,1990,0.00,0.00,0.00,0.00,0.00,0.00,0.00,0.00,0.00,
49,1403,14030004,Lower Dolores,1990,0.00,0.00,0.00,0.00,0.00,0.00,0.00,0.00,0.00,
49,1403,14030005,Upper Colorado-Kane Springs,1990,0.09,0.00,0.09,0.00,0.00,0.00,0.09,0.00,0.09,
08,1403,14030005,Upper Colorado-Kane Springs,1990,0.00,0.00,0.00,0.00,0.00,0.00,0.00,0.00,0.00,
56,1404,14040101,Upper Green,1990,0.03,0.00,0.03,0.01,0.00,0.01,0.04,0.00,0.04,
56,1404,14040102,New Fork,1990,0.02,0.00,0.02,0.02,0.00,0.02,0.04,0.00,0.04,
56,1404,14040103,Upper Green-Slate,1990,0.00,0.00,0.00,0.00,0.00,0.00,0.00,0.00,0.00,
56,1404,14040104,Big Sandy,1990,0.00,0.00,0.00,0.00,0.00,0.00,0.00,0.00,0.00,
56,1404,14040105,Bitter,1990,0.00,0.00,0.00,0.00,0.00,0.00,0.00,0.00,0.00,
08,1404,14040106,Upper Green-Flaming Gorge Reservoir,1990,0.00,0.00,0.00,0.00,0.00,0.00,0.00,0.00,0.00,
49,1404,14040106,Upper Green-Flaming Gorge Reservoir,1990,0.00,0.00,0.00,0.00,0.00,0.00,0.00,0.00,0.00,
56,1404,14040106,Upper Green-Flaming Gorge Reservoir,1990,0.00,0.00,0.00,0.00,0.00,0.00,0.00,0.00,0.00,
56,1404,14040107,Blacks Fork,1990,0.10,0.00,0.10,0.07,0.00,0.07,0.17,0.00,0.17,
49,1404,14040107,Blacks Fork,1990,0.00,0.00,0.00,0.00,0.00,0.00,0.00,0.00,0.00,
49,1404,14040108,Muddy,1990,0.00,0.00,0.00,0.00,0.00,0.00,0.00,0.00,0.00,
56,1404,14040108,Muddy,1990,0.00,0.00,0.00,0.00,0.00,0.00,0.00,0.00,0.00,
08,1404,14040109,Vermilion,1990,0.00,0.00,0.00,0.00,0.00,0.00,0.00,0.00,0.00,
56,1404,14040109,Vermilion,1990,0.00,0.00,0.00,0.00,0.00,0.00,0.00,0.00,0.00,
56,1404,14040200,Great Divide Closed Basin,1990,0.00,0.00,0.00,0.00,0.00,0.00,0.00,0.00,0.00,
08,1405,14050001,Upper Yampa,1990,0.02,0.00,0.02,0.01,0.00,0.01,0.03,0.00,0.03,
08,1405,14050002,Lower Yampa,1990,0.00,0.00,0.00,0.00,0.00,0.00,0.00,0.00,0.00,
08,1405,14050003,Little Snake,1990,0.00,0.00,0.00,0.00,0.00,0.00,0.00,0.00,0.00,
56,1405,14050003,Little Snake,1990,0.00,0.00,0.00,0.00,0.00,0.00,0.00,0.00,0.00,
56,1405,14050004,Muddy,1990,0.00,0.00,0.00,0.00,0.00,0.00,0.00,0.00,0.00,
08,1405,14050005,Upper White,1990,0.00,0.00,0.00,0.00,0.00,0.00,0.00,0.00,0.00,
08,1405,14050006,Piceance-Yellow,1990,0.00,0.00,0.00,0.00,0.00,0.00,0.00,0.00,0.00,
08,1405,14050007,Lower White,1990,0.00,0.00,0.00,0.00,0.00,0.00,0.00,0.00,0.00,
49,1405,14050007,Lower White,1990,0.00,0.00,0.00,0.00,0.00,0.00,0.00,0.00,0.00,
08,1406,14060001,Lower Green-Diamond,1990,0.00,0.00,0.00,0.00,0.00,0.00,0.00,0.00,0.00,
49,1406,14060001,Lower Green-Diamond,1990,0.00,0.00,0.00,0.00,0.00,0.00,0.00,0.00,0.00,
49,1406,14060002,Ashley-Brush,1990,0.07,0.00,0.07,0.00,0.00,0.00,0.07,0.00,0.07,
49,1406,14060003,Duchesne,1990,0.06,0.00,0.06,0.00,0.00,0.00,0.06,0.00,0.06,
49,1406,14060004,Strawberry,1990,0.00,0.00,0.00,0.00,0.00,0.00,0.00,0.00,0.00,
49,1406,14060005,Lower Green-Desolation Canyon,1990,0.00,0.00,0.00,0.00,0.00,0.00,0.00,0.00,0.00,
49,1406,14060006,Willow,1990,0.00,0.00,0.00,0.00,0.00,0.00,0.00,0.00,0.00,
49,1406,14060007,Price,1990,0.85,0.00,0.85,0.09,0.00,0.09,0.94,0.00,0.94,
49,1406,14060008,Lower Green,1990,0.00,0.00,0.00,0.00,0.00,0.00,0.00,0.00,0.00,
49,1406,14060009,San Rafael,1990,0.02,0.00,0.02,0.00,0.00,0.00,0.02,0.00,0.02,
49,1407,14070001,Upper Lake Powell,1990,0.06,0.00,0.06,0.00,0.00,0.00,0.06,0.00,0.06,
49,1407,14070002,Muddy,1990,0.00,0.00,0.00,0.00,0.00,0.00,0.00,0.00,0.00,
49,1407,14070003,Fremont,1990,0.04,0.00,0.04,0.00,0.00,0.00,0.04,0.00,0.04,
49,1407,14070004,Dirty Devil,1990,0.00,0.00,0.00,0.00,0.00,0.00,0.00,0.00,0.00,
49,1407,14070005,Escalante,1990,0.00,0.00,0.00,0.00,0.00,0.00,0.00,0.00,0.00,
49,1407,14070006,Lower Lake Powell,1990,0.01,0.00,0.01,0.00,0.00,0.00,0.01,0.00,0.01,
04,1407,14070006,Lower Lake Powell,1990,0.00,0.00,0.00,0.00,0.00,0.00,0.00,0.00,0.00,
04,1407,14070007,Paria,1990,0.00,0.00,0.00,0.00,0.00,0.00,0.00,0.00,0.00,
49,1407,14070007,Paria,1990,0.00,0.00,0.00,0.00,0.00,0.00,0.00,0.00,0.00,
35,1408,14080101,Upper San Juan,1990,0.02,0.00,0.02,1.91,0.00,1.91,1.93,0.00,1.93,
08,1408,14080101,Upper San Juan,1990,0.00,0.00,0.00,0.00,0.00,0.00,0.00,0.00,0.00,
08,1408,14080102,Piedra,1990,0.00,0.00,0.00,0.00,0.00,0.00,0.00,0.00,0.00,
35,1408,14080103,Blanco Canyon,1990,0.06,0.00,0.06,0.00,0.00,0.00,0.06,0.00,0.06,
08,1408,14080104,Animas,1990,0.17,0.00,0.17,0.08,0.00,0.08,0.25,0.00,0.25,
35,1408,14080104,Animas,1990,0.00,0.00,0.00,0.00,0.00,0.00,0.00,0.00,0.00,
04,1408,14080105,Middle San Juan,1990,0.00,0.00,0.00,0.00,0.00,0.00,0.00,0.00,0.00,
08,1408,14080105,Middle San Juan,1990,0.00,0.00,0.00,0.00,0.00,0.00,0.00,0.00,0.00,
35,1408,14080105,Middle San Juan,1990,0.00,0.00,0.00,0.00,0.00,0.00,0.00,0.00,0.00,
35,1408,14080106,Chaco,1990,0.01,0.00,0.01,0.00,0.00,0.00,0.01,0.00,0.01,
04,1408,14080106,Chaco,1990,0.00,0.00,0.00,0.00,0.00,0.00,0.00,0.00,0.00,
08,1408,14080107,Mancos,1990,0.00,0.00,0.00,0.00,0.00,0.00,0.00,0.00,0.00,
35,1408,14080107,Mancos,1990,0.00,0.00,0.00,0.00,0.00,0.00,0.00,0.00,0.00,
49,1408,14080201,Lower San Juan-Four Corners,1990,0.06,0.00,0.06,0.00,0.00,0.00,0.06,0.00,0.06,
04,1408,14080201,Lower San Juan-Four Corners,1990,0.00,0.00,0.00,0.00,0.00,0.00,0.00,0.00,0.00,
08,1408,14080201,Lower San Juan-Four Corners,1990,0.00,0.00,0.00,0.00,0.00,0.00,0.00,0.00,0.00,
35,1408,14080201,Lower San Juan-Four Corners,1990,0.00,0.00,0.00,0.00,0.00,0.00,0.00,0.00,0.00,
08,1408,14080202,Mcelmo,1990,0.01,0.00,0.01,0.00,0.00,0.00,0.01,0.00,0.01,
49,1408,14080202,Mcelmo,1990,0.00,0.00,0.00,0.00,0.00,0.00,0.00,0.00,0.00,
49,1408,14080203,Montezuma,1990,0.02,0.00,0.02,0.00,0.00,0.00,0.02,0.00,0.02,
08,1408,14080203,Montezuma,1990,0.00,0.00,0.00,0.00,0.00,0.00,0.00,0.00,0.00,
04,1408,14080204,Chinle,1990,0.00,0.00,0.00,0.00,0.00,0.00,0.00,0.00,0.00,
35,1408,14080204,Chinle,1990,0.00,0.00,0.00,0.00,0.00,0.00,0.00,0.00,0.00,
49,1408,14080204,Chinle,1990,0.00,0.00,0.00,0.00,0.00,0.00,0.00,0.00,0.00,
49,1408,14080205,Lower San Juan,1990,0.06,0.00,0.06,0.00,0.00,0.00,0.06,0.00,0.06,
04,1408,14080205,Lower San Juan,1990,0.00,0.00,0.00,0.00,0.00,0.00,0.00,0.00,0.00,
04,1501,15010001,Lower Colorado-Marble Canyon,1990,0.00,0.00,0.00,0.00,0.00,0.00,0.00,0.00,0.00,
04,1501,15010002,Grand Canyon,1990,0.00,0.00,0.00,0.00,0.00,0.00,0.00,0.00,0.00,
49,1501,15010003,Kanab,1990,0.01,0.00,0.01,0.00,0.00,0.00,0.01,0.00,0.01,
04,1501,15010003,Kanab,1990,0.00,0.00,0.00,0.00,0.00,0.00,0.00,0.00,0.00,
04,1501,15010004,Havasu Canyon,1990,0.00,0.00,0.00,0.00,0.00,0.00,0.00,0.00,0.00,
04,1501,15010005,Lake Mead,1990,0.00,0.00,0.00,0.00,0.00,0.00,0.00,0.00,0.00,
32,1501,15010005,Lake Mead,1990,0.00,0.00,0.00,0.00,0.00,0.00,0.00,0.00,0.00,
04,1501,15010006,Grand Wash,1990,0.00,0.00,0.00,0.00,0.00,0.00,0.00,0.00,0.00,
32,1501,15010006,Grand Wash,1990,0.00,0.00,0.00,0.00,0.00,0.00,0.00,0.00,0.00,
04,1501,15010007,Hualapai Wash,1990,0.00,0.00,0.00,0.00,0.00,0.00,0.00,0.00,0.00,
49,1501,15010008,Upper Virgin,1990,1.75,0.00,1.75,0.00,0.00,0.00,1.75,0.00,1.75,
49,1501,15010009,Fort Pearce Wash,1990,0.31,0.00,0.31,0.00,0.00,0.00,0.31,0.00,0.31,
04,1501,15010009,Fort Pearce Wash,1990,0.00,0.00,0.00,0.00,0.00,0.00,0.00,0.00,0.00,
04,1501,15010010,Lower Virgin,1990,0.00,0.00,0.00,0.00,0.00,0.00,0.00,0.00,0.00,
32,1501,15010010,Lower Virgin,1990,0.00,0.00,0.00,0.00,0.00,0.00,0.00,0.00,0.00,
49,1501,15010010,Lower Virgin,1990,0.00,0.00,0.00,0.00,0.00,0.00,0.00,0.00,0.00,
32,1501,15010011,White,1990,0.00,0.00,0.00,0.00,0.00,0.00,0.00,0.00,0.00,
32,1501,15010012,Muddy,1990,0.00,0.00,0.00,0.00,0.00,0.00,0.00,0.00,0.00,
32,1501,15010013,Meadow Valley Wash,1990,0.00,0.00,0.00,0.00,0.00,0.00,0.00,0.00,0.00,
49,1501,15010013,Meadow Valley Wash,1990,0.00,0.00,0.00,0.00,0.00,0.00,0.00,0.00,0.00,
04,1501,15010014,Detrital Wash,1990,0.00,0.00,0.00,0.00,0.00,0.00,0.00,0.00,0.00,
32,1501,15010015,Las Vegas Wash,1990,8.30,0.00,8.30,0.56,0.00,0.56,8.86,0.00,8.86,
04,1502,15020001,Little Colorado Headwaters,1990,0.00,0.00,0.00,0.00,0.00,0.00,0.00,0.00,0.00,
35,1502,15020001,Little Colorado Headwaters,1990,0.00,0.00,0.00,0.00,0.00,0.00,0.00,0.00,0.00,
04,1502,15020002,Upper Little Colorado,1990,0.00,0.00,0.00,0.00,0.00,0.00,0.00,0.00,0.00,
35,1502,15020002,Upper Little Colorado,1990,0.00,0.00,0.00,0.00,0.00,0.00,0.00,0.00,0.00,
04,1502,15020003,Carrizo Wash,1990,0.00,0.00,0.00,0.00,0.00,0.00,0.00,0.00,0.00,
35,1502,15020003,Carrizo Wash,1990,0.00,0.00,0.00,0.00,0.00,0.00,0.00,0.00,0.00,
04,1502,15020004,Zuni,1990,0.00,0.00,0.00,0.00,0.00,0.00,0.00,0.00,0.00,
35,1502,15020004,Zuni,1990,0.00,0.00,0.00,0.00,0.00,0.00,0.00,0.00,0.00,
04,1502,15020005,Silver,1990,17.85,0.00,17.85,0.00,0.00,0.00,17.85,0.00,17.85,
35,1502,15020006,Upper Puerco,1990,1.01,0.00,1.01,0.00,0.00,0.00,1.01,0.00,1.01,
04,1502,15020006,Upper Puerco,1990,0.00,0.00,0.00,0.00,0.00,0.00,0.00,0.00,0.00,
04,1502,15020007,Lower Puerco,1990,0.00,0.00,0.00,0.00,0.00,0.00,0.00,0.00,0.00,
04,1502,15020008,Middle Little Colorado,1990,0.00,0.00,0.00,0.00,0.00,0.00,0.00,0.00,0.00,
04,1502,15020009,Leroux Wash,1990,0.00,0.00,0.00,0.00,0.00,0.00,0.00,0.00,0.00,
04,1502,15020010,Chevelon Canyon,1990,0.00,0.00,0.00,0.00,0.00,0.00,0.00,0.00,0.00,
04,1502,15020011,Cottonwood Wash,1990,0.00,0.00,0.00,0.00,0.00,0.00,0.00,0.00,0.00,
04,1502,15020012,Corn-Oraibi,1990,0.00,0.00,0.00,0.00,0.00,0.00,0.00,0.00,0.00,
04,1502,15020013,Polacca Wash,1990,0.00,0.00,0.00,0.00,0.00,0.00,0.00,0.00,0.00,
04,1502,15020014,Jadito Wash,1990,0.00,0.00,0.00,0.00,0.00,0.00,0.00,0.00,0.00,
04,1502,15020015,Canyon Diablo,1990,0.00,0.00,0.00,0.00,0.00,0.00,0.00,0.00,0.00,
04,1502,15020016,Lower Little Colorado,1990,0.00,0.00,0.00,0.00,0.00,0.00,0.00,0.00,0.00,
04,1502,15020017,Dinnebito Wash,1990,0.00,0.00,0.00,0.00,0.00,0.00,0.00,0.00,0.00,
04,1502,15020018,Moenkopi Wash,1990,0.00,0.00,0.00,0.00,0.00,0.00,0.00,0.00,0.00,
04,1503,15030101,Havasu-Mohave Lake,1990,0.00,0.00,0.00,0.00,0.00,0.00,0.00,0.00,0.00,
06,1503,15030101,Havasu-Mohave Lake,1990,0.00,0.00,0.00,0.00,0.00,0.00,0.00,0.00,0.00,
32,1503,15030101,Havasu-Mohave Lake,1990,0.00,0.00,0.00,0.00,0.00,0.00,0.00,0.00,0.00,
06,1503,15030102,Piute Wash,1990,0.00,0.00,0.00,0.00,0.00,0.00,0.00,0.00,0.00,
32,1503,15030102,Piute Wash,1990,0.00,0.00,0.00,0.00,0.00,0.00,0.00,0.00,0.00,
04,1503,15030103,Sacramento Wash,1990,0.00,0.00,0.00,0.00,0.00,0.00,0.00,0.00,0.00,
04,1503,15030104,Imperial Reservoir,1990,0.00,0.00,0.00,0.00,0.00,0.00,0.00,0.00,0.00,
06,1503,15030104,Imperial Reservoir,1990,0.00,0.00,0.00,0.00,0.00,0.00,0.00,0.00,0.00,
04,1503,15030105,Bouse Wash,1990,0.00,0.00,0.00,0.00,0.00,0.00,0.00,0.00,0.00,
04,1503,15030106,Tyson Wash,1990,0.00,0.00,0.00,0.00,0.00,0.00,0.00,0.00,0.00,
04,1503,15030107,Lower Colorado,1990,0.00,0.00,0.00,0.00,0.00,0.00,0.00,0.00,0.00,
06,1503,15030107,Lower Colorado,1990,0.00,0.00,0.00,0.00,0.00,0.00,0.00,0.00,0.00,
04,1503,15030108,Yuma Desert,1990,0.00,0.00,0.00,0.00,0.00,0.00,0.00,0.00,0.00,
04,1503,15030201,Big Sandy,1990,0.00,0.00,0.00,0.00,0.00,0.00,0.00,0.00,0.00,
04,1503,15030202,Burro,1990,0.00,0.00,0.00,0.00,0.00,0.00,0.00,0.00,0.00,
04,1503,15030203,Santa Maria,1990,0.00,0.00,0.00,0.00,0.00,0.00,0.00,0.00,0.00,
04,1503,15030204,Bill Williams,1990,0.00,0.00,0.00,0.00,0.00,0.00,0.00,0.00,0.00,
35,1504,15040001,Upper Gila,1990,0.00,0.00,0.00,0.00,0.00,0.00,0.00,0.00,0.00,
04,1504,15040002,Upper Gila-Mangas,1990,0.00,0.00,0.00,0.00,0.00,0.00,0.00,0.00,0.00,
35,1504,15040002,Upper Gila-Mangas,1990,0.00,0.00,0.00,0.00,0.00,0.00,0.00,0.00,0.00,
04,1504,15040003,Animas Valley,1990,0.00,0.00,0.00,0.00,0.00,0.00,0.00,0.00,0.00,
35,1504,15040003,Animas Valley,1990,0.00,0.00,0.00,0.00,0.00,0.00,0.00,0.00,0.00,
35,1504,15040004,San Francisco,1990,0.01,0.00,0.01,0.00,0.00,0.00,0.01,0.00,0.01,
04,1504,15040004,San Francisco,1990,0.00,0.00,0.00,0.00,0.00,0.00,0.00,0.00,0.00,
04,1504,15040005,Upper Gila-San Carlos Reservoir,1990,0.00,0.00,0.00,0.00,0.00,0.00,0.00,0.00,0.00,
04,1504,15040006,San Simon,1990,0.01,0.00,0.01,0.00,0.00,0.00,0.01,0.00,0.01,
35,1504,15040006,San Simon,1990,0.00,0.00,0.00,0.00,0.00,0.00,0.00,0.00,0.00,
04,1504,15040007,San Carlos,1990,0.00,0.00,0.00,0.00,0.00,0.00,0.00,0.00,0.00,
04,1505,15050100,Middle Gila,1990,0.73,0.00,0.73,0.00,0.00,0.00,0.73,0.00,0.73,
04,1505,15050201,Willcox Playa,1990,0.12,0.00,0.12,0.00,0.00,0.00,0.12,0.00,0.12,
04,1505,15050202,Upper San Pedro,1990,0.54,0.00,0.54,0.00,0.00,0.00,0.54,0.00,0.54,
04,1505,15050203,Lower San Pedro,1990,0.00,0.00,0.00,0.00,0.00,0.00,0.00,0.00,0.00,
04,1505,15050301,Upper Santa Cruz,1990,4.80,0.00,4.80,0.00,0.00,0.00,4.80,0.00,4.80,
04,1505,15050302,Rillito,1990,0.15,0.00,0.15,0.00,0.00,0.00,0.15,0.00,0.15,
04,1505,15050303,Lower Santa Cruz,1990,5.44,0.00,5.44,0.00,0.00,0.00,5.44,0.00,5.44,
04,1505,15050304,Brawley Wash,1990,7.89,0.00,7.89,0.00,0.00,0.00,7.89,0.00,7.89,
04,1505,15050305,Aguirre Valley,1990,0.00,0.00,0.00,0.00,0.00,0.00,0.00,0.00,0.00,
04,1505,15050306,Santa Rosa Wash,1990,0.00,0.00,0.00,0.00,0.00,0.00,0.00,0.00,0.00,
04,1506,15060101,Black,1990,0.00,0.00,0.00,0.00,0.00,0.00,0.00,0.00,0.00,
04,1506,15060102,White,1990,0.00,0.00,0.00,0.00,0.00,0.00,0.00,0.00,0.00,
04,1506,15060103,Upper Salt,1990,0.00,0.00,0.00,0.00,0.00,0.00,0.00,0.00,0.00,
04,1506,15060104,Carrizo,1990,0.00,0.00,0.00,0.00,0.00,0.00,0.00,0.00,0.00,
04,1506,15060105,Tonto,1990,0.00,0.00,0.00,0.00,0.00,0.00,0.00,0.00,0.00,
04,1506,15060106,Lower Salt,1990,3.00,0.00,3.00,0.00,0.00,0.00,3.00,0.00,3.00,
04,1506,15060201,Big Chino-Williamson Valley,1990,0.00,0.00,0.00,0.00,0.00,0.00,0.00,0.00,0.00,
04,1506,15060202,Upper Verde,1990,0.00,0.00,0.00,0.00,0.00,0.00,0.00,0.00,0.00,
04,1506,15060203,Lower Verde,1990,0.00,0.00,0.00,0.00,0.00,0.00,0.00,0.00,0.00,
04,1507,15070101,Lower Gila-Painted Rock Reservoir,1990,0.25,0.00,0.25,0.00,0.00,0.00,0.25,0.00,0.25,
04,1507,15070102,Agua Fria,1990,2.90,0.00,2.90,0.00,0.00,0.00,2.90,0.00,2.90,
04,1507,15070103,Hassayampa,1990,0.00,0.00,0.00,0.00,0.00,0.00,0.00,0.00,0.00,
04,1507,15070104,Centennial Wash,1990,0.00,0.00,0.00,0.00,0.00,0.00,0.00,0.00,0.00,
04,1507,15070201,Lower Gila,1990,0.00,0.00,0.00,0.00,0.00,0.00,0.00,0.00,0.00,
04,1507,15070202,Tenmile Wash,1990,0.00,0.00,0.00,0.00,0.00,0.00,0.00,0.00,0.00,
04,1507,15070203,San Cristobal Wash,1990,0.00,0.00,0.00,0.00,0.00,0.00,0.00,0.00,0.00,
04,1508,15080101,San Simon Wash,1990,0.00,0.00,0.00,0.00,0.00,0.00,0.00,0.00,0.00,
04,1508,15080102,Rio Sonoyta,1990,0.00,0.00,0.00,0.00,0.00,0.00,0.00,0.00,0.00,
04,1508,15080103,Tule Desert,1990,0.00,0.00,0.00,0.00,0.00,0.00,0.00,0.00,0.00,
04,1508,15080200,Rio De La Concepcion,1990,0.00,0.00,0.00,0.00,0.00,0.00,0.00,0.00,0.00,
04,1508,15080301,Whitewater Draw,1990,0.18,0.00,0.18,0.00,0.00,0.00,0.18,0.00,0.18,
04,1508,15080302,San Bernardino Valley,1990,0.00,0.00,0.00,0.00,0.00,0.00,0.00,0.00,0.00,
35,1508,15080302,San Bernardino Valley,1990,0.00,0.00,0.00,0.00,0.00,0.00,0.00,0.00,0.00,
35,1508,15080303,Cloverdale,1990,0.00,0.00,0.00,0.00,0.00,0.00,0.00,0.00,0.00,
08,1401,14010001,Colorado Headwaters,1995,0.02,0.00,0.02,0.01,0.00,0.01,0.03,0.00,0.03,
08,1401,14010002,Blue,1995,0.01,0.00,0.01,0.00,0.00,0.00,0.01,0.00,0.01,
08,1401,14010003,Eagle,1995,0.17,0.00,0.17,0.07,0.00,0.07,0.24,0.00,0.24,
08,1401,14010004,Roaring Fork,1995,0.01,0.00,0.01,0.00,0.00,0.00,0.01,0.00,0.01,
08,1401,14010005,Colorado Headwaters-Plateau,1995,0.59,0.00,0.59,0.25,0.00,0.25,0.84,0.00,0.84,
49,1401,14010005,Colorado Headwaters-Plateau,1995,0.00,0.00,0.00,0.00,0.00,0.00,0.00,0.00,0.00,
08,1401,14010006,Parachute-Roan,1995,0.21,0.00,0.21,0.09,0.00,0.09,0.30,0.00,0.30,
08,1402,14020001,East-Taylor,1995,0.01,0.00,0.01,0.00,0.00,0.00,0.01,0.00,0.01,
08,1402,14020002,Upper Gunnison,1995,0.00,0.00,0.00,0.00,0.00,0.00,0.00,0.00,0.00,
08,1402,14020003,Tomichi,1995,0.00,0.00,0.00,0.00,0.00,0.00,0.00,0.00,0.00,
08,1402,14020004,North Fork Gunnison,1995,0.00,0.00,0.00,0.00,0.00,0.00,0.00,0.00,0.00,
08,1402,14020005,Lower Gunnison,1995,0.00,0.00,0.00,0.00,0.00,0.00,0.00,0.00,0.00,
08,1402,14020006,Uncompahgre,1995,0.24,0.00,0.24,0.10,0.00,0.10,0.34,0.00,0.34,
08,1403,14030001,Westwater Canyon,1995,0.00,0.00,0.00,0.00,0.00,0.00,0.00,0.00,0.00,
49,1403,14030001,Westwater Canyon,1995,0.00,0.00,0.00,0.00,0.00,0.00,0.00,0.00,0.00,
49,1403,14030002,Upper Dolores,1995,0.02,0.00,0.02,0.00,0.00,0.00,0.02,0.00,0.02,
08,1403,14030002,Upper Dolores,1995,0.00,0.00,0.00,0.00,0.00,0.00,0.00,0.00,0.00,
08,1403,14030003,San Miguel,1995,0.00,0.00,0.00,0.00,0.00,0.00,0.00,0.00,0.00,
08,1403,14030004,Lower Dolores,1995,0.00,0.00,0.00,0.00,0.00,0.00,0.00,0.00,0.00,
49,1403,14030004,Lower Dolores,1995,0.00,0.00,0.00,0.00,0.00,0.00,0.00,0.00,0.00,
49,1403,14030005,Upper Colorado-Kane Springs,1995,0.00,0.00,0.00,0.01,0.00,0.01,0.01,0.00,0.01,
08,1403,14030005,Upper Colorado-Kane Springs,1995,0.00,0.00,0.00,0.00,0.00,0.00,0.00,0.00,0.00,
56,1404,14040101,Upper Green,1995,0.01,0.00,0.01,0.00,0.00,0.00,0.01,0.00,0.01,
56,1404,14040102,New Fork,1995,0.01,0.00,0.01,0.00,0.00,0.00,0.01,0.00,0.01,
56,1404,14040103,Upper Green-Slate,1995,0.00,0.00,0.00,0.00,0.00,0.00,0.00,0.00,0.00,
56,1404,14040104,Big Sandy,1995,0.00,0.00,0.00,0.00,0.00,0.00,0.00,0.00,0.00,
56,1404,14040105,Bitter,1995,0.00,0.00,0.00,0.00,0.00,0.00,0.00,0.00,0.00,
08,1404,14040106,Upper Green-Flaming Gorge Reservoir,1995,0.00,0.00,0.00,0.00,0.00,0.00,0.00,0.00,0.00,
49,1404,14040106,Upper Green-Flaming Gorge Reservoir,1995,0.00,0.00,0.00,0.00,0.00,0.00,0.00,0.00,0.00,
56,1404,14040106,Upper Green-Flaming Gorge Reservoir,1995,0.00,0.00,0.00,0.00,0.00,0.00,0.00,0.00,0.00,
56,1404,14040107,Blacks Fork,1995,0.02,0.00,0.02,0.01,0.00,0.01,0.03,0.00,0.03,
49,1404,14040107,Blacks Fork,1995,0.00,0.00,0.00,0.00,0.00,0.00,0.00,0.00,0.00,
49,1404,14040108,Muddy,1995,0.00,0.00,0.00,0.00,0.00,0.00,0.00,0.00,0.00,
56,1404,14040108,Muddy,1995,0.00,0.00,0.00,0.00,0.00,0.00,0.00,0.00,0.00,
08,1404,14040109,Vermilion,1995,0.00,0.00,0.00,0.00,0.00,0.00,0.00,0.00,0.00,
56,1404,14040109,Vermilion,1995,0.00,0.00,0.00,0.00,0.00,0.00,0.00,0.00,0.00,
56,1404,14040200,Great Divide Closed Basin,1995,0.00,0.00,0.00,0.00,0.00,0.00,0.00,0.00,0.00,
08,1405,14050001,Upper Yampa,1995,0.01,0.00,0.01,0.01,0.00,0.01,0.02,0.00,0.02,
08,1405,14050002,Lower Yampa,1995,0.00,0.00,0.00,0.00,0.00,0.00,0.00,0.00,0.00,
08,1405,14050003,Little Snake,1995,0.00,0.00,0.00,0.00,0.00,0.00,0.00,0.00,0.00,
56,1405,14050003,Little Snake,1995,0.00,0.00,0.00,0.00,0.00,0.00,0.00,0.00,0.00,
56,1405,14050004,Muddy,1995,0.00,0.00,0.00,0.00,0.00,0.00,0.00,0.00,0.00,
08,1405,14050005,Upper White,1995,0.00,0.00,0.00,0.00,0.00,0.00,0.00,0.00,0.00,
08,1405,14050006,Piceance-Yellow,1995,0.00,0.00,0.00,0.00,0.00,0.00,0.00,0.00,0.00,
49,1405,14050007,Lower White,1995,0.20,0.00,0.20,0.00,0.00,0.00,0.20,0.00,0.20,
08,1405,14050007,Lower White,1995,0.00,0.00,0.00,0.00,0.00,0.00,0.00,0.00,0.00,
49,1406,14060001,Lower Green-Diamond,1995,0.01,0.00,0.01,0.00,0.00,0.00,0.01,0.00,0.01,
08,1406,14060001,Lower Green-Diamond,1995,0.00,0.00,0.00,0.00,0.00,0.00,0.00,0.00,0.00,
49,1406,14060002,Ashley-Brush,1995,0.12,0.00,0.12,0.00,0.00,0.00,0.12,0.00,0.12,
49,1406,14060003,Duchesne,1995,0.03,0.00,0.03,0.00,0.00,0.00,0.03,0.00,0.03,
49,1406,14060004,Strawberry,1995,0.00,0.00,0.00,0.00,0.00,0.00,0.00,0.00,0.00,
49,1406,14060005,Lower Green-Desolation Canyon,1995,0.00,0.00,0.00,0.00,0.00,0.00,0.00,0.00,0.00,
49,1406,14060006,Willow,1995,0.00,0.00,0.00,0.00,0.00,0.00,0.00,0.00,0.00,
49,1406,14060007,Price,1995,0.35,0.00,0.35,0.16,0.00,0.16,0.50,0.00,0.50,
49,1406,14060008,Lower Green,1995,0.00,0.00,0.00,0.00,0.00,0.00,0.00,0.00,0.00,
49,1406,14060009,San Rafael,1995,0.00,0.00,0.00,1.48,0.00,1.48,1.48,0.00,1.48,
49,1407,14070001,Upper Lake Powell,1995,0.00,0.00,0.00,0.00,0.00,0.00,0.00,0.00,0.00,
49,1407,14070002,Muddy,1995,0.00,0.00,0.00,0.00,0.00,0.00,0.00,0.00,0.00,
49,1407,14070003,Fremont,1995,0.00,0.00,0.00,0.00,0.00,0.00,0.00,0.00,0.00,
49,1407,14070004,Dirty Devil,1995,0.00,0.00,0.00,0.00,0.00,0.00,0.00,0.00,0.00,
49,1407,14070005,Escalante,1995,0.00,0.00,0.00,0.00,0.00,0.00,0.00,0.00,0.00,
04,1407,14070006,Lower Lake Powell,1995,0.00,0.00,0.00,0.00,0.00,0.00,0.00,0.00,0.00,
49,1407,14070006,Lower Lake Powell,1995,0.00,0.00,0.00,0.00,0.00,0.00,0.00,0.00,0.00,
04,1407,14070007,Paria,1995,0.00,0.00,0.00,0.00,0.00,0.00,0.00,0.00,0.00,
49,1407,14070007,Paria,1995,0.00,0.00,0.00,0.00,0.00,0.00,0.00,0.00,0.00,
35,1408,14080101,Upper San Juan,1995,0.43,0.00,0.43,2.21,0.00,2.21,2.63,0.00,2.63,
08,1408,14080101,Upper San Juan,1995,0.00,0.00,0.00,0.00,0.00,0.00,0.00,0.00,0.00,
08,1408,14080102,Piedra,1995,0.00,0.00,0.00,0.00,0.00,0.00,0.00,0.00,0.00,
35,1408,14080103,Blanco Canyon,1995,0.03,0.00,0.03,0.00,0.00,0.00,0.03,0.00,0.03,
08,1408,14080104,Animas,1995,0.12,0.00,0.12,0.06,0.00,0.06,0.18,0.00,0.18,
35,1408,14080104,Animas,1995,0.00,0.00,0.00,0.02,0.00,0.02,0.02,0.00,0.02,
04,1408,14080105,Middle San Juan,1995,0.00,0.00,0.00,0.00,0.00,0.00,0.00,0.00,0.00,
08,1408,14080105,Middle San Juan,1995,0.00,0.00,0.00,0.00,0.00,0.00,0.00,0.00,0.00,
35,1408,14080105,Middle San Juan,1995,0.00,0.00,0.00,0.00,0.00,0.00,0.00,0.00,0.00,
35,1408,14080106,Chaco,1995,0.01,0.00,0.01,0.00,0.00,0.00,0.01,0.00,0.01,
04,1408,14080106,Chaco,1995,0.00,0.00,0.00,0.00,0.00,0.00,0.00,0.00,0.00,
08,1408,14080107,Mancos,1995,0.00,0.00,0.00,0.00,0.00,0.00,0.00,0.00,0.00,
35,1408,14080107,Mancos,1995,0.00,0.00,0.00,0.00,0.00,0.00,0.00,0.00,0.00,
49,1408,14080201,Lower San Juan-Four Corners,1995,0.02,0.00,0.02,0.00,0.00,0.00,0.02,0.00,0.02,
04,1408,14080201,Lower San Juan-Four Corners,1995,0.00,0.00,0.00,0.00,0.00,0.00,0.00,0.00,0.00,
08,1408,14080201,Lower San Juan-Four Corners,1995,0.00,0.00,0.00,0.00,0.00,0.00,0.00,0.00,0.00,
35,1408,14080201,Lower San Juan-Four Corners,1995,0.00,0.00,0.00,0.00,0.00,0.00,0.00,0.00,0.00,
08,1408,14080202,Mcelmo,1995,0.01,0.00,0.01,0.00,0.00,0.00,0.01,0.00,0.01,
49,1408,14080202,Mcelmo,1995,0.00,0.00,0.00,0.00,0.00,0.00,0.00,0.00,0.00,
08,1408,14080203,Montezuma,1995,0.00,0.00,0.00,0.00,0.00,0.00,0.00,0.00,0.00,
49,1408,14080203,Montezuma,1995,0.00,0.00,0.00,0.00,0.00,0.00,0.00,0.00,0.00,
04,1408,14080204,Chinle,1995,0.00,0.00,0.00,0.00,0.00,0.00,0.00,0.00,0.00,
35,1408,14080204,Chinle,1995,0.00,0.00,0.00,0.00,0.00,0.00,0.00,0.00,0.00,
49,1408,14080204,Chinle,1995,0.00,0.00,0.00,0.00,0.00,0.00,0.00,0.00,0.00,
04,1408,14080205,Lower San Juan,1995,0.00,0.00,0.00,0.00,0.00,0.00,0.00,0.00,0.00,
49,1408,14080205,Lower San Juan,1995,0.00,0.00,0.00,0.00,0.00,0.00,0.00,0.00,0.00,
04,1501,15010001,Lower Colorado-Marble Canyon,1995,0.00,0.00,0.00,0.00,0.00,0.00,0.00,0.00,0.00,
04,1501,15010002,Grand Canyon,1995,0.00,0.00,0.00,0.00,0.00,0.00,0.00,0.00,0.00,
04,1501,15010003,Kanab,1995,0.00,0.00,0.00,0.00,0.00,0.00,0.00,0.00,0.00,
49,1501,15010003,Kanab,1995,0.00,0.00,0.00,0.00,0.00,0.00,0.00,0.00,0.00,
04,1501,15010004,Havasu Canyon,1995,0.00,0.00,0.00,0.00,0.00,0.00,0.00,0.00,0.00,
32,1501,15010005,Lake Mead,1995,0.00,0.00,0.00,6.18,0.00,6.18,6.18,0.00,6.18,
04,1501,15010005,Lake Mead,1995,0.00,0.00,0.00,0.00,0.00,0.00,0.00,0.00,0.00,
04,1501,15010006,Grand Wash,1995,0.00,0.00,0.00,0.00,0.00,0.00,0.00,0.00,0.00,
32,1501,15010006,Grand Wash,1995,0.00,0.00,0.00,0.00,0.00,0.00,0.00,0.00,0.00,
04,1501,15010007,Hualapai Wash,1995,0.00,0.00,0.00,0.00,0.00,0.00,0.00,0.00,0.00,
49,1501,15010008,Upper Virgin,1995,0.00,0.00,0.00,0.00,0.00,0.00,0.00,0.00,0.00,
04,1501,15010009,Fort Pearce Wash,1995,0.00,0.00,0.00,0.00,0.00,0.00,0.00,0.00,0.00,
49,1501,15010009,Fort Pearce Wash,1995,0.00,0.00,0.00,0.00,0.00,0.00,0.00,0.00,0.00,
49,1501,15010010,Lower Virgin,1995,0.20,0.00,0.20,0.00,0.00,0.00,0.20,0.00,0.20,
04,1501,15010010,Lower Virgin,1995,0.00,0.00,0.00,0.00,0.00,0.00,0.00,0.00,0.00,
32,1501,15010010,Lower Virgin,1995,0.00,0.00,0.00,0.00,0.00,0.00,0.00,0.00,0.00,
32,1501,15010011,White,1995,0.00,0.00,0.00,0.00,0.00,0.00,0.00,0.00,0.00,
32,1501,15010012,Muddy,1995,0.00,0.00,0.00,0.00,0.00,0.00,0.00,0.00,0.00,
32,1501,15010013,Meadow Valley Wash,1995,0.00,0.00,0.00,0.00,0.00,0.00,0.00,0.00,0.00,
49,1501,15010013,Meadow Valley Wash,1995,0.00,0.00,0.00,0.00,0.00,0.00,0.00,0.00,0.00,
04,1501,15010014,Detrital Wash,1995,0.00,0.00,0.00,0.00,0.00,0.00,0.00,0.00,0.00,
32,1501,15010015,Las Vegas Wash,1995,1.68,0.00,1.68,0.00,0.00,0.00,1.68,0.00,1.68,
04,1502,15020001,Little Colorado Headwaters,1995,0.00,0.00,0.00,0.00,0.00,0.00,0.00,0.00,0.00,
35,1502,15020001,Little Colorado Headwaters,1995,0.00,0.00,0.00,0.00,0.00,0.00,0.00,0.00,0.00,
04,1502,15020002,Upper Little Colorado,1995,0.00,0.00,0.00,0.00,0.00,0.00,0.00,0.00,0.00,
35,1502,15020002,Upper Little Colorado,1995,0.00,0.00,0.00,0.00,0.00,0.00,0.00,0.00,0.00,
04,1502,15020003,Carrizo Wash,1995,0.00,0.00,0.00,0.00,0.00,0.00,0.00,0.00,0.00,
35,1502,15020003,Carrizo Wash,1995,0.00,0.00,0.00,0.00,0.00,0.00,0.00,0.00,0.00,
04,1502,15020004,Zuni,1995,0.00,0.00,0.00,0.00,0.00,0.00,0.00,0.00,0.00,
35,1502,15020004,Zuni,1995,0.00,0.00,0.00,0.00,0.00,0.00,0.00,0.00,0.00,
04,1502,15020005,Silver,1995,17.85,0.00,17.85,0.00,0.00,0.00,17.85,0.00,17.85,
35,1502,15020006,Upper Puerco,1995,1.03,0.00,1.03,0.00,0.00,0.00,1.03,0.00,1.03,
04,1502,15020006,Upper Puerco,1995,0.00,0.00,0.00,0.00,0.00,0.00,0.00,0.00,0.00,
04,1502,15020007,Lower Puerco,1995,0.00,0.00,0.00,0.00,0.00,0.00,0.00,0.00,0.00,
04,1502,15020008,Middle Little Colorado,1995,0.00,0.00,0.00,0.00,0.00,0.00,0.00,0.00,0.00,
04,1502,15020009,Leroux Wash,1995,0.00,0.00,0.00,0.00,0.00,0.00,0.00,0.00,0.00,
04,1502,15020010,Chevelon Canyon,1995,0.00,0.00,0.00,0.00,0.00,0.00,0.00,0.00,0.00,
04,1502,15020011,Cottonwood Wash,1995,0.00,0.00,0.00,0.00,0.00,0.00,0.00,0.00,0.00,
04,1502,15020012,Corn-Oraibi,1995,0.00,0.00,0.00,0.00,0.00,0.00,0.00,0.00,0.00,
04,1502,15020013,Polacca Wash,1995,0.00,0.00,0.00,0.00,0.00,0.00,0.00,0.00,0.00,
04,1502,15020014,Jadito Wash,1995,0.00,0.00,0.00,0.00,0.00,0.00,0.00,0.00,0.00,
04,1502,15020015,Canyon Diablo,1995,0.00,0.00,0.00,0.00,0.00,0.00,0.00,0.00,0.00,
04,1502,15020016,Lower Little Colorado,1995,0.00,0.00,0.00,0.00,0.00,0.00,0.00,0.00,0.00,
04,1502,15020017,Dinnebito Wash,1995,0.00,0.00,0.00,0.00,0.00,0.00,0.00,0.00,0.00,
04,1502,15020018,Moenkopi Wash,1995,0.00,0.00,0.00,0.00,0.00,0.00,0.00,0.00,0.00,
06,1503,15030101,Havasu-Mohave Lake,1995,0.01,0.00,0.01,0.00,0.00,0.00,0.01,0.00,0.01,
04,1503,15030101,Havasu-Mohave Lake,1995,0.00,0.00,0.00,0.00,0.00,0.00,0.00,0.00,0.00,
32,1503,15030101,Havasu-Mohave Lake,1995,0.00,0.00,0.00,0.00,0.00,0.00,0.00,0.00,0.00,
06,1503,15030102,Piute Wash,1995,0.00,0.00,0.00,0.00,0.00,0.00,0.00,0.00,0.00,
32,1503,15030102,Piute Wash,1995,0.00,0.00,0.00,0.00,0.00,0.00,0.00,0.00,0.00,
04,1503,15030103,Sacramento Wash,1995,0.00,0.00,0.00,0.00,0.00,0.00,0.00,0.00,0.00,
04,1503,15030104,Imperial Reservoir,1995,0.00,0.00,0.00,0.00,0.00,0.00,0.00,0.00,0.00,
06,1503,15030104,Imperial Reservoir,1995,0.00,0.00,0.00,0.00,0.00,0.00,0.00,0.00,0.00,
04,1503,15030105,Bouse Wash,1995,0.00,0.00,0.00,0.00,0.00,0.00,0.00,0.00,0.00,
04,1503,15030106,Tyson Wash,1995,0.00,0.00,0.00,0.00,0.00,0.00,0.00,0.00,0.00,
06,1503,15030107,Lower Colorado,1995,0.01,0.00,0.01,0.00,0.00,0.00,0.01,0.00,0.01,
04,1503,15030107,Lower Colorado,1995,0.00,0.00,0.00,0.00,0.00,0.00,0.00,0.00,0.00,
04,1503,15030108,Yuma Desert,1995,0.00,0.00,0.00,0.00,0.00,0.00,0.00,0.00,0.00,
04,1503,15030201,Big Sandy,1995,0.00,0.00,0.00,0.00,0.00,0.00,0.00,0.00,0.00,
04,1503,15030202,Burro,1995,0.00,0.00,0.00,0.00,0.00,0.00,0.00,0.00,0.00,
04,1503,15030203,Santa Maria,1995,0.00,0.00,0.00,0.00,0.00,0.00,0.00,0.00,0.00,
04,1503,15030204,Bill Williams,1995,0.00,0.00,0.00,0.00,0.00,0.00,0.00,0.00,0.00,
35,1504,15040001,Upper Gila,1995,0.00,0.00,0.00,0.00,0.00,0.00,0.00,0.00,0.00,
35,1504,15040002,Upper Gila-Mangas,1995,0.01,0.00,0.01,0.00,0.00,0.00,0.01,0.00,0.01,
04,1504,15040002,Upper Gila-Mangas,1995,0.00,0.00,0.00,0.00,0.00,0.00,0.00,0.00,0.00,
35,1504,15040003,Animas Valley,1995,0.08,0.00,0.08,0.00,0.00,0.00,0.08,0.00,0.08,
04,1504,15040003,Animas Valley,1995,0.00,0.00,0.00,0.00,0.00,0.00,0.00,0.00,0.00,
04,1504,15040004,San Francisco,1995,0.00,0.00,0.00,0.00,0.00,0.00,0.00,0.00,0.00,
35,1504,15040004,San Francisco,1995,0.00,0.00,0.00,0.00,0.00,0.00,0.00,0.00,0.00,
04,1504,15040005,Upper Gila-San Carlos Reservoir,1995,0.00,0.00,0.00,0.00,0.00,0.00,0.00,0.00,0.00,
04,1504,15040006,San Simon,1995,0.01,0.00,0.01,0.00,0.00,0.00,0.01,0.00,0.01,
35,1504,15040006,San Simon,1995,0.00,0.00,0.00,0.00,0.00,0.00,0.00,0.00,0.00,
04,1504,15040007,San Carlos,1995,0.00,0.00,0.00,0.00,0.00,0.00,0.00,0.00,0.00,
04,1505,15050100,Middle Gila,1995,0.87,0.00,0.87,0.00,0.00,0.00,0.87,0.00,0.87,
04,1505,15050201,Willcox Playa,1995,0.12,0.00,0.12,0.00,0.00,0.00,0.12,0.00,0.12,
04,1505,15050202,Upper San Pedro,1995,0.54,0.00,0.54,0.00,0.00,0.00,0.54,0.00,0.54,
04,1505,15050203,Lower San Pedro,1995,0.00,0.00,0.00,0.00,0.00,0.00,0.00,0.00,0.00,
04,1505,15050301,Upper Santa Cruz,1995,5.11,0.00,5.11,0.00,0.00,0.00,5.11,0.00,5.11,
04,1505,15050302,Rillito,1995,0.27,0.00,0.27,0.00,0.00,0.00,0.27,0.00,0.27,
04,1505,15050303,Lower Santa Cruz,1995,5.44,0.00,5.44,0.00,0.00,0.00,5.44,0.00,5.44,
04,1505,15050304,Brawley Wash,1995,7.89,0.00,7.89,0.00,0.00,0.00,7.89,0.00,7.89,
04,1505,15050305,Aguirre Valley,1995,0.00,0.00,0.00,0.00,0.00,0.00,0.00,0.00,0.00,
04,1505,15050306,Santa Rosa Wash,1995,0.00,0.00,0.00,0.00,0.00,0.00,0.00,0.00,0.00,
04,1506,15060101,Black,1995,0.00,0.00,0.00,0.00,0.00,0.00,0.00,0.00,0.00,
04,1506,15060102,White,1995,0.00,0.00,0.00,0.00,0.00,0.00,0.00,0.00,0.00,
04,1506,15060103,Upper Salt,1995,0.00,0.00,0.00,0.00,0.00,0.00,0.00,0.00,0.00,
04,1506,15060104,Carrizo,1995,0.00,0.00,0.00,0.00,0.00,0.00,0.00,0.00,0.00,
04,1506,15060105,Tonto,1995,0.00,0.00,0.00,0.00,0.00,0.00,0.00,0.00,0.00,
04,1506,15060106,Lower Salt,1995,2.58,0.00,2.58,0.00,0.00,0.00,2.58,0.00,2.58,
04,1506,15060201,Big Chino-Williamson Valley,1995,0.00,0.00,0.00,0.00,0.00,0.00,0.00,0.00,0.00,
04,1506,15060202,Upper Verde,1995,0.00,0.00,0.00,0.00,0.00,0.00,0.00,0.00,0.00,
04,1506,15060203,Lower Verde,1995,0.00,0.00,0.00,0.00,0.00,0.00,0.00,0.00,0.00,
04,1507,15070101,Lower Gila-Painted Rock Reservoir,1995,0.25,0.00,0.25,0.00,0.00,0.00,0.25,0.00,0.25,
04,1507,15070102,Agua Fria,1995,2.90,0.00,2.90,0.00,0.00,0.00,2.90,0.00,2.90,
04,1507,15070103,Hassayampa,1995,0.00,0.00,0.00,0.00,0.00,0.00,0.00,0.00,0.00,
04,1507,15070104,Centennial Wash,1995,0.00,0.00,0.00,0.00,0.00,0.00,0.00,0.00,0.00,
04,1507,15070201,Lower Gila,1995,0.00,0.00,0.00,0.00,0.00,0.00,0.00,0.00,0.00,
04,1507,15070202,Tenmile Wash,1995,0.00,0.00,0.00,0.00,0.00,0.00,0.00,0.00,0.00,
04,1507,15070203,San Cristobal Wash,1995,0.00,0.00,0.00,0.00,0.00,0.00,0.00,0.00,0.00,
04,1508,15080101,San Simon Wash,1995,0.00,0.00,0.00,0.00,0.00,0.00,0.00,0.00,0.00,
04,1508,15080102,Rio Sonoyta,1995,0.00,0.00,0.00,0.00,0.00,0.00,0.00,0.00,0.00,
04,1508,15080103,Tule Desert,1995,0.00,0.00,0.00,0.00,0.00,0.00,0.00,0.00,0.00,
04,1508,15080200,Rio De La Concepcion,1995,0.00,0.00,0.00,0.00,0.00,0.00,0.00,0.00,0.00,
04,1508,15080301,Whitewater Draw,1995,0.18,0.00,0.18,0.00,0.00,0.00,0.18,0.00,0.18,
04,1508,15080302,San Bernardino Valley,1995,0.00,0.00,0.00,0.00,0.00,0.00,0.00,0.00,0.00,
35,1508,15080302,San Bernardino Valley,1995,0.00,0.00,0.00,0.00,0.00,0.00,0.00,0.00,0.00,
35,1508,15080303,Cloverdale,1995,0.00,0.00,0.00,0.00,0.00,0.00,0.00,0.00,0.00,
08,1401,14010001,Colorado Headwaters,2000,0.00,0.00,0.00,0.00,0.00,0.00,0.00,0.00,0.00,
08,1401,14010002,Blue,2000,0.00,0.00,0.00,0.00,0.00,0.00,0.00,0.00,0.00,
08,1401,14010003,Eagle,2000,0.00,0.00,0.00,0.00,0.00,0.00,0.00,0.00,0.00,
08,1401,14010004,Roaring Fork,2000,0.00,0.00,0.00,0.00,0.00,0.00,0.00,0.00,0.00,
08,1401,14010005,Colorado Headwaters-Plateau,2000,0.34,0.00,0.34,0.20,0.00,0.20,0.54,0.00,0.54,
49,1401,14010005,Colorado Headwaters-Plateau,2000,0.00,0.00,0.00,0.00,0.00,0.00,0.00,0.00,0.00,
08,1401,14010006,Parachute-Roan,2000,0.00,0.00,0.00,0.00,0.00,0.00,0.00,0.00,0.00,
08,1402,14020001,East-Taylor,2000,0.00,0.00,0.00,0.00,0.00,0.00,0.00,0.00,0.00,
08,1402,14020002,Upper Gunnison,2000,0.00,0.00,0.00,0.00,0.00,0.00,0.00,0.00,0.00,
08,1402,14020003,Tomichi,2000,0.00,0.00,0.00,0.00,0.00,0.00,0.00,0.00,0.00,
08,1402,14020004,North Fork Gunnison,2000,0.00,0.00,0.00,0.00,0.00,0.00,0.00,0.00,0.00,
08,1402,14020005,Lower Gunnison,2000,0.00,0.00,0.00,0.00,0.00,0.00,0.00,0.00,0.00,
08,1402,14020006,Uncompahgre,2000,0.00,0.00,0.00,0.00,0.00,0.00,0.00,0.00,0.00,
08,1403,14030001,Westwater Canyon,2000,0.00,0.00,0.00,0.00,0.00,0.00,0.00,0.00,0.00,
49,1403,14030001,Westwater Canyon,2000,0.00,0.00,0.00,0.00,0.00,0.00,0.00,0.00,0.00,
08,1403,14030002,Upper Dolores,2000,0.02,0.00,0.02,0.01,0.00,0.01,0.03,0.00,0.03,
49,1403,14030002,Upper Dolores,2000,0.02,0.00,0.02,0.00,0.00,0.00,0.02,0.00,0.02,
08,1403,14030003,San Miguel,2000,0.00,0.00,0.00,0.00,0.00,0.00,0.00,0.00,0.00,
08,1403,14030004,Lower Dolores,2000,0.00,0.00,0.00,0.00,0.00,0.00,0.00,0.00,0.00,
49,1403,14030004,Lower Dolores,2000,0.00,0.00,0.00,0.00,0.00,0.00,0.00,0.00,0.00,
08,1403,14030005,Upper Colorado-Kane Springs,2000,0.00,0.00,0.00,0.00,0.00,0.00,0.00,0.00,0.00,
49,1403,14030005,Upper Colorado-Kane Springs,2000,0.00,0.00,0.00,0.00,0.00,0.00,0.00,0.00,0.00,
56,1404,14040101,Upper Green,2000,0.00,0.00,0.00,0.00,0.00,0.00,0.00,0.00,0.00,
56,1404,14040102,New Fork,2000,0.00,0.00,0.00,0.00,0.00,0.00,0.00,0.00,0.00,
56,1404,14040103,Upper Green-Slate,2000,0.04,0.00,0.04,0.01,0.00,0.01,0.06,0.00,0.06,
56,1404,14040104,Big Sandy,2000,0.06,0.00,0.06,0.02,0.00,0.02,0.08,0.00,0.08,
56,1404,14040105,Bitter,2000,0.09,0.00,0.09,0.02,0.00,0.02,0.11,0.00,0.11,
56,1404,14040106,Upper Green-Flaming Gorge Reservoir,2000,0.04,0.00,0.04,0.01,0.00,0.01,0.06,0.00,0.06,
08,1404,14040106,Upper Green-Flaming Gorge Reservoir,2000,0.00,0.00,0.00,0.00,0.00,0.00,0.00,0.00,0.00,
49,1404,14040106,Upper Green-Flaming Gorge Reservoir,2000,0.00,0.00,0.00,0.00,0.00,0.00,0.00,0.00,0.00,
56,1404,14040107,Blacks Fork,2000,0.13,0.00,0.13,0.07,0.00,0.07,0.20,0.00,0.20,
49,1404,14040107,Blacks Fork,2000,0.00,0.00,0.00,0.00,0.00,0.00,0.00,0.00,0.00,
56,1404,14040108,Muddy,2000,0.09,0.00,0.09,0.06,0.00,0.06,0.15,0.00,0.15,
49,1404,14040108,Muddy,2000,0.00,0.00,0.00,0.00,0.00,0.00,0.00,0.00,0.00,
56,1404,14040109,Vermilion,2000,0.02,0.00,0.02,0.00,0.00,0.00,0.02,0.00,0.02,
08,1404,14040109,Vermilion,2000,0.00,0.00,0.00,0.00,0.00,0.00,0.00,0.00,0.00,
56,1404,14040200,Great Divide Closed Basin,2000,0.16,0.00,0.16,0.04,0.00,0.04,0.20,0.00,0.20,
08,1405,14050001,Upper Yampa,2000,0.00,0.00,0.00,0.00,0.00,0.00,0.00,0.00,0.00,
08,1405,14050002,Lower Yampa,2000,0.00,0.00,0.00,0.00,0.00,0.00,0.00,0.00,0.00,
56,1405,14050003,Little Snake,2000,0.06,0.00,0.06,0.02,0.00,0.02,0.08,0.00,0.08,
08,1405,14050003,Little Snake,2000,0.00,0.00,0.00,0.00,0.00,0.00,0.00,0.00,0.00,
56,1405,14050004,Muddy,2000,0.04,0.00,0.04,0.02,0.00,0.02,0.07,0.00,0.07,
08,1405,14050005,Upper White,2000,0.00,0.00,0.00,0.00,0.00,0.00,0.00,0.00,0.00,
08,1405,14050006,Piceance-Yellow,2000,0.00,0.00,0.00,0.00,0.00,0.00,0.00,0.00,0.00,
49,1405,14050007,Lower White,2000,0.25,0.00,0.25,0.00,0.00,0.00,0.25,0.00,0.25,
08,1405,14050007,Lower White,2000,0.00,0.00,0.00,0.00,0.00,0.00,0.00,0.00,0.00,
08,1406,14060001,Lower Green-Diamond,2000,0.00,0.00,0.00,0.00,0.00,0.00,0.00,0.00,0.00,
49,1406,14060001,Lower Green-Diamond,2000,0.00,0.00,0.00,0.00,0.00,0.00,0.00,0.00,0.00,
49,1406,14060002,Ashley-Brush,2000,4.04,0.00,4.04,0.00,0.00,0.00,4.04,0.00,4.04,
49,1406,14060003,Duchesne,2000,0.00,0.00,0.00,0.00,0.00,0.00,0.00,0.00,0.00,
49,1406,14060004,Strawberry,2000,0.00,0.00,0.00,0.00,0.00,0.00,0.00,0.00,0.00,
49,1406,14060005,Lower Green-Desolation Canyon,2000,0.00,0.00,0.00,0.00,0.00,0.00,0.00,0.00,0.00,
49,1406,14060006,Willow,2000,0.00,0.00,0.00,0.00,0.00,0.00,0.00,0.00,0.00,
49,1406,14060007,Price,2000,0.02,0.00,0.02,0.00,0.00,0.00,0.02,0.00,0.02,
49,1406,14060008,Lower Green,2000,0.00,0.00,0.00,0.00,0.00,0.00,0.00,0.00,0.00,
49,1406,14060009,San Rafael,2000,0.00,0.00,0.00,0.00,0.00,0.00,0.00,0.00,0.00,
49,1407,14070001,Upper Lake Powell,2000,0.00,0.00,0.00,0.00,0.00,0.00,0.00,0.00,0.00,
49,1407,14070002,Muddy,2000,0.00,0.00,0.00,0.00,0.00,0.00,0.00,0.00,0.00,
49,1407,14070003,Fremont,2000,0.00,0.00,0.00,0.00,0.00,0.00,0.00,0.00,0.00,
49,1407,14070004,Dirty Devil,2000,0.00,0.00,0.00,0.00,0.00,0.00,0.00,0.00,0.00,
49,1407,14070005,Escalante,2000,0.00,0.00,0.00,0.00,0.00,0.00,0.00,0.00,0.00,
04,1407,14070006,Lower Lake Powell,2000,0.00,0.00,0.00,0.00,0.00,0.00,0.00,0.00,0.00,
49,1407,14070006,Lower Lake Powell,2000,0.00,0.00,0.00,0.00,0.00,0.00,0.00,0.00,0.00,
04,1407,14070007,Paria,2000,0.00,0.00,0.00,0.00,0.00,0.00,0.00,0.00,0.00,
49,1407,14070007,Paria,2000,0.00,0.00,0.00,0.00,0.00,0.00,0.00,0.00,0.00,
35,1408,14080101,Upper San Juan,2000,0.00,0.00,0.00,1.87,0.00,1.87,1.87,0.00,1.87,
08,1408,14080101,Upper San Juan,2000,0.00,0.00,0.00,0.00,0.00,0.00,0.00,0.00,0.00,
08,1408,14080102,Piedra,2000,0.00,0.00,0.00,0.00,0.00,0.00,0.00,0.00,0.00,
35,1408,14080103,Blanco Canyon,2000,0.00,0.00,0.00,0.00,0.00,0.00,0.00,0.00,0.00,
08,1408,14080104,Animas,2000,0.03,0.00,0.03,0.01,0.00,0.01,0.04,0.00,0.04,
35,1408,14080104,Animas,2000,0.01,0.00,0.01,0.00,0.00,0.00,0.01,0.00,0.01,
04,1408,14080105,Middle San Juan,2000,0.00,0.00,0.00,0.00,0.00,0.00,0.00,0.00,0.00,
08,1408,14080105,Middle San Juan,2000,0.00,0.00,0.00,0.00,0.00,0.00,0.00,0.00,0.00,
35,1408,14080105,Middle San Juan,2000,0.00,0.00,0.00,0.00,0.00,0.00,0.00,0.00,0.00,
04,1408,14080106,Chaco,2000,0.00,0.00,0.00,0.00,0.00,0.00,0.00,0.00,0.00,
35,1408,14080106,Chaco,2000,0.00,0.00,0.00,0.00,0.00,0.00,0.00,0.00,0.00,
08,1408,14080107,Mancos,2000,0.00,0.00,0.00,0.00,0.00,0.00,0.00,0.00,0.00,
35,1408,14080107,Mancos,2000,0.00,0.00,0.00,0.00,0.00,0.00,0.00,0.00,0.00,
49,1408,14080201,Lower San Juan-Four Corners,2000,0.04,0.00,0.04,0.00,0.00,0.00,0.04,0.00,0.04,
04,1408,14080201,Lower San Juan-Four Corners,2000,0.00,0.00,0.00,0.00,0.00,0.00,0.00,0.00,0.00,
08,1408,14080201,Lower San Juan-Four Corners,2000,0.00,0.00,0.00,0.00,0.00,0.00,0.00,0.00,0.00,
35,1408,14080201,Lower San Juan-Four Corners,2000,0.00,0.00,0.00,0.00,0.00,0.00,0.00,0.00,0.00,
08,1408,14080202,Mcelmo,2000,0.00,0.00,0.00,0.00,0.00,0.00,0.00,0.00,0.00,
49,1408,14080202,Mcelmo,2000,0.00,0.00,0.00,0.00,0.00,0.00,0.00,0.00,0.00,
08,1408,14080203,Montezuma,2000,0.00,0.00,0.00,0.00,0.00,0.00,0.00,0.00,0.00,
49,1408,14080203,Montezuma,2000,0.00,0.00,0.00,0.00,0.00,0.00,0.00,0.00,0.00,
04,1408,14080204,Chinle,2000,0.00,0.00,0.00,0.00,0.00,0.00,0.00,0.00,0.00,
35,1408,14080204,Chinle,2000,0.00,0.00,0.00,0.00,0.00,0.00,0.00,0.00,0.00,
49,1408,14080204,Chinle,2000,0.00,0.00,0.00,0.00,0.00,0.00,0.00,0.00,0.00,
04,1408,14080205,Lower San Juan,2000,0.00,0.00,0.00,0.00,0.00,0.00,0.00,0.00,0.00,
49,1408,14080205,Lower San Juan,2000,0.00,0.00,0.00,0.00,0.00,0.00,0.00,0.00,0.00,
04,1501,15010001,Lower Colorado-Marble Canyon,2000,0.00,0.00,0.00,0.00,0.00,0.00,0.00,0.00,0.00,
04,1501,15010002,Grand Canyon,2000,0.00,0.00,0.00,0.00,0.00,0.00,0.00,0.00,0.00,
04,1501,15010003,Kanab,2000,0.00,0.00,0.00,0.00,0.00,0.00,0.00,0.00,0.00,
49,1501,15010003,Kanab,2000,0.00,0.00,0.00,0.00,0.00,0.00,0.00,0.00,0.00,
04,1501,15010004,Havasu Canyon,2000,0.00,0.00,0.00,0.00,0.00,0.00,0.00,0.00,0.00,
32,1501,15010005,Lake Mead,2000,0.00,0.00,0.00,5.61,0.00,5.61,5.61,0.00,5.61,
04,1501,15010005,Lake Mead,2000,0.00,0.00,0.00,0.00,0.00,0.00,0.00,0.00,0.00,
04,1501,15010006,Grand Wash,2000,0.00,0.00,0.00,0.00,0.00,0.00,0.00,0.00,0.00,
32,1501,15010006,Grand Wash,2000,0.00,0.00,0.00,0.00,0.00,0.00,0.00,0.00,0.00,
04,1501,15010007,Hualapai Wash,2000,0.01,0.00,0.01,0.00,0.00,0.00,0.01,0.00,0.01,
49,1501,15010008,Upper Virgin,2000,0.16,0.00,0.16,0.00,0.00,0.00,0.16,0.00,0.16,
04,1501,15010009,Fort Pearce Wash,2000,0.00,0.00,0.00,0.00,0.00,0.00,0.00,0.00,0.00,
49,1501,15010009,Fort Pearce Wash,2000,0.00,0.00,0.00,0.00,0.00,0.00,0.00,0.00,0.00,
04,1501,15010010,Lower Virgin,2000,0.00,0.00,0.00,0.00,0.00,0.00,0.00,0.00,0.00,
32,1501,15010010,Lower Virgin,2000,0.00,0.00,0.00,0.00,0.00,0.00,0.00,0.00,0.00,
49,1501,15010010,Lower Virgin,2000,0.00,0.00,0.00,0.00,0.00,0.00,0.00,0.00,0.00,
32,1501,15010011,White,2000,0.00,0.00,0.00,0.00,0.00,0.00,0.00,0.00,0.00,
32,1501,15010012,Muddy,2000,0.58,0.00,0.58,0.00,0.00,0.00,0.58,0.00,0.58,
32,1501,15010013,Meadow Valley Wash,2000,0.00,0.00,0.00,0.00,0.00,0.00,0.00,0.00,0.00,
49,1501,15010013,Meadow Valley Wash,2000,0.00,0.00,0.00,0.00,0.00,0.00,0.00,0.00,0.00,
04,1501,15010014,Detrital Wash,2000,0.00,0.00,0.00,0.00,0.00,0.00,0.00,0.00,0.00,
32,1501,15010015,Las Vegas Wash,2000,0.00,0.00,0.00,0.00,0.00,0.00,0.00,0.00,0.00,
04,1502,15020001,Little Colorado Headwaters,2000,0.00,0.00,0.00,0.00,0.00,0.00,0.00,0.00,0.00,
35,1502,15020001,Little Colorado Headwaters,2000,0.00,0.00,0.00,0.00,0.00,0.00,0.00,0.00,0.00,
04,1502,15020002,Upper Little Colorado,2000,0.00,0.00,0.00,0.00,0.00,0.00,0.00,0.00,0.00,
35,1502,15020002,Upper Little Colorado,2000,0.00,0.00,0.00,0.00,0.00,0.00,0.00,0.00,0.00,
04,1502,15020003,Carrizo Wash,2000,0.00,0.00,0.00,0.00,0.00,0.00,0.00,0.00,0.00,
35,1502,15020003,Carrizo Wash,2000,0.00,0.00,0.00,0.00,0.00,0.00,0.00,0.00,0.00,
04,1502,15020004,Zuni,2000,0.00,0.00,0.00,0.00,0.00,0.00,0.00,0.00,0.00,
35,1502,15020004,Zuni,2000,0.00,0.00,0.00,0.00,0.00,0.00,0.00,0.00,0.00,
04,1502,15020005,Silver,2000,15.08,0.00,15.08,0.00,0.00,0.00,15.08,0.00,15.08,
35,1502,15020006,Upper Puerco,2000,1.01,0.00,1.01,0.00,0.00,0.00,1.01,0.00,1.01,
04,1502,15020006,Upper Puerco,2000,0.02,0.00,0.02,0.00,0.00,0.00,0.02,0.00,0.02,
04,1502,15020007,Lower Puerco,2000,0.00,0.00,0.00,0.00,0.00,0.00,0.00,0.00,0.00,
04,1502,15020008,Middle Little Colorado,2000,0.00,0.00,0.00,0.00,0.00,0.00,0.00,0.00,0.00,
04,1502,15020009,Leroux Wash,2000,0.00,0.00,0.00,0.00,0.00,0.00,0.00,0.00,0.00,
04,1502,15020010,Chevelon Canyon,2000,0.00,0.00,0.00,0.00,0.00,0.00,0.00,0.00,0.00,
04,1502,15020011,Cottonwood Wash,2000,0.00,0.00,0.00,0.00,0.00,0.00,0.00,0.00,0.00,
04,1502,15020012,Corn-Oraibi,2000,0.00,0.00,0.00,0.00,0.00,0.00,0.00,0.00,0.00,
04,1502,15020013,Polacca Wash,2000,0.00,0.00,0.00,0.00,0.00,0.00,0.00,0.00,0.00,
04,1502,15020014,Jadito Wash,2000,0.00,0.00,0.00,0.00,0.00,0.00,0.00,0.00,0.00,
04,1502,15020015,Canyon Diablo,2000,0.00,0.00,0.00,0.00,0.00,0.00,0.00,0.00,0.00,
04,1502,15020016,Lower Little Colorado,2000,0.00,0.00,0.00,0.00,0.00,0.00,0.00,0.00,0.00,
04,1502,15020017,Dinnebito Wash,2000,0.00,0.00,0.00,0.00,0.00,0.00,0.00,0.00,0.00,
04,1502,15020018,Moenkopi Wash,2000,0.00,0.00,0.00,0.00,0.00,0.00,0.00,0.00,0.00,
04,1503,15030101,Havasu-Mohave Lake,2000,0.17,0.00,0.17,0.00,0.00,0.00,0.17,0.00,0.17,
06,1503,15030101,Havasu-Mohave Lake,2000,0.00,0.00,0.00,0.00,0.00,0.00,0.00,0.00,0.00,
32,1503,15030101,Havasu-Mohave Lake,2000,0.00,0.00,0.00,0.00,0.00,0.00,0.00,0.00,0.00,
06,1503,15030102,Piute Wash,2000,0.00,0.00,0.00,0.00,0.00,0.00,0.00,0.00,0.00,
32,1503,15030102,Piute Wash,2000,0.00,0.00,0.00,0.00,0.00,0.00,0.00,0.00,0.00,
04,1503,15030103,Sacramento Wash,2000,0.00,0.00,0.00,0.00,0.00,0.00,0.00,0.00,0.00,
04,1503,15030104,Imperial Reservoir,2000,0.00,0.00,0.00,0.00,0.00,0.00,0.00,0.00,0.00,
06,1503,15030104,Imperial Reservoir,2000,0.00,0.00,0.00,0.00,0.00,0.00,0.00,0.00,0.00,
04,1503,15030105,Bouse Wash,2000,0.00,0.00,0.00,0.00,0.00,0.00,0.00,0.00,0.00,
04,1503,15030106,Tyson Wash,2000,0.00,0.00,0.00,0.00,0.00,0.00,0.00,0.00,0.00,
04,1503,15030107,Lower Colorado,2000,0.00,0.00,0.00,0.00,0.00,0.00,0.00,0.00,0.00,
06,1503,15030107,Lower Colorado,2000,0.00,0.00,0.00,0.00,0.00,0.00,0.00,0.00,0.00,
04,1503,15030108,Yuma Desert,2000,0.00,0.00,0.00,0.00,0.00,0.00,0.00,0.00,0.00,
04,1503,15030201,Big Sandy,2000,0.03,0.00,0.03,0.00,0.00,0.00,0.03,0.00,0.03,
04,1503,15030202,Burro,2000,0.00,0.00,0.00,0.00,0.00,0.00,0.00,0.00,0.00,
04,1503,15030203,Santa Maria,2000,0.00,0.00,0.00,0.00,0.00,0.00,0.00,0.00,0.00,
04,1503,15030204,Bill Williams,2000,0.00,0.00,0.00,0.00,0.00,0.00,0.00,0.00,0.00,
35,1504,15040001,Upper Gila,2000,0.00,0.00,0.00,0.00,0.00,0.00,0.00,0.00,0.00,
35,1504,15040002,Upper Gila-Mangas,2000,0.01,0.00,0.01,0.00,0.00,0.00,0.01,0.00,0.01,
04,1504,15040002,Upper Gila-Mangas,2000,0.00,0.00,0.00,0.00,0.00,0.00,0.00,0.00,0.00,
35,1504,15040003,Animas Valley,2000,0.01,0.00,0.01,0.00,0.00,0.00,0.01,0.00,0.01,
04,1504,15040003,Animas Valley,2000,0.00,0.00,0.00,0.00,0.00,0.00,0.00,0.00,0.00,
04,1504,15040004,San Francisco,2000,0.00,0.00,0.00,0.00,0.00,0.00,0.00,0.00,0.00,
35,1504,15040004,San Francisco,2000,0.00,0.00,0.00,0.00,0.00,0.00,0.00,0.00,0.00,
04,1504,15040005,Upper Gila-San Carlos Reservoir,2000,0.19,0.00,0.19,0.00,0.00,0.00,0.19,0.00,0.19,
04,1504,15040006,San Simon,2000,0.00,0.00,0.00,0.00,0.00,0.00,0.00,0.00,0.00,
35,1504,15040006,San Simon,2000,0.00,0.00,0.00,0.00,0.00,0.00,0.00,0.00,0.00,
04,1504,15040007,San Carlos,2000,0.00,0.00,0.00,0.00,0.00,0.00,0.00,0.00,0.00,
04,1505,15050100,Middle Gila,2000,0.00,0.00,0.00,0.00,0.00,0.00,0.00,0.00,0.00,
04,1505,15050201,Willcox Playa,2000,0.02,0.00,0.02,0.00,0.00,0.00,0.02,0.00,0.02,
04,1505,15050202,Upper San Pedro,2000,0.01,0.00,0.01,0.00,0.00,0.00,0.01,0.00,0.01,
04,1505,15050203,Lower San Pedro,2000,0.47,0.00,0.47,0.00,0.00,0.00,0.47,0.00,0.47,
04,1505,15050301,Upper Santa Cruz,2000,0.00,0.00,0.00,0.00,0.00,0.00,0.00,0.00,0.00,
04,1505,15050302,Rillito,2000,0.00,0.00,0.00,0.00,0.00,0.00,0.00,0.00,0.00,
04,1505,15050303,Lower Santa Cruz,2000,0.00,0.00,0.00,0.00,0.00,0.00,0.00,0.00,0.00,
04,1505,15050304,Brawley Wash,2000,0.00,0.00,0.00,0.00,0.00,0.00,0.00,0.00,0.00,
04,1505,15050305,Aguirre Valley,2000,0.00,0.00,0.00,0.00,0.00,0.00,0.00,0.00,0.00,
04,1505,15050306,Santa Rosa Wash,2000,0.00,0.00,0.00,0.00,0.00,0.00,0.00,0.00,0.00,
04,1506,15060101,Black,2000,0.00,0.00,0.00,0.00,0.00,0.00,0.00,0.00,0.00,
04,1506,15060102,White,2000,0.00,0.00,0.00,0.00,0.00,0.00,0.00,0.00,0.00,
04,1506,15060103,Upper Salt,2000,0.39,0.00,0.39,0.00,0.00,0.00,0.39,0.00,0.39,
04,1506,15060104,Carrizo,2000,0.00,0.00,0.00,0.00,0.00,0.00,0.00,0.00,0.00,
04,1506,15060105,Tonto,2000,0.00,0.00,0.00,0.00,0.00,0.00,0.00,0.00,0.00,
04,1506,15060106,Lower Salt,2000,0.00,0.00,0.00,0.00,0.00,0.00,0.00,0.00,0.00,
04,1506,15060201,Big Chino-Williamson Valley,2000,0.00,0.00,0.00,0.00,0.00,0.00,0.00,0.00,0.00,
04,1506,15060202,Upper Verde,2000,1.12,0.00,1.12,0.00,0.00,0.00,1.12,0.00,1.12,
04,1506,15060203,Lower Verde,2000,0.01,0.00,0.01,0.00,0.00,0.00,0.01,0.00,0.01,
04,1507,15070101,Lower Gila-Painted Rock Reservoir,2000,0.00,0.00,0.00,0.00,0.00,0.00,0.00,0.00,0.00,
04,1507,15070102,Agua Fria,2000,0.00,0.00,0.00,0.00,0.00,0.00,0.00,0.00,0.00,
04,1507,15070103,Hassayampa,2000,0.00,0.00,0.00,0.00,0.00,0.00,0.00,0.00,0.00,
04,1507,15070104,Centennial Wash,2000,0.00,0.00,0.00,0.00,0.00,0.00,0.00,0.00,0.00,
04,1507,15070201,Lower Gila,2000,0.21,0.00,0.21,0.00,0.00,0.00,0.21,0.00,0.21,
04,1507,15070202,Tenmile Wash,2000,0.00,0.00,0.00,0.00,0.00,0.00,0.00,0.00,0.00,
04,1507,15070203,San Cristobal Wash,2000,0.00,0.00,0.00,0.00,0.00,0.00,0.00,0.00,0.00,
04,1508,15080101,San Simon Wash,2000,0.00,0.00,0.00,0.00,0.00,0.00,0.00,0.00,0.00,
04,1508,15080102,Rio Sonoyta,2000,0.00,0.00,0.00,0.00,0.00,0.00,0.00,0.00,0.00,
04,1508,15080103,Tule Desert,2000,0.00,0.00,0.00,0.00,0.00,0.00,0.00,0.00,0.00,
04,1508,15080200,Rio De La Concepcion,2000,0.00,0.00,0.00,0.00,0.00,0.00,0.00,0.00,0.00,
04,1508,15080301,Whitewater Draw,2000,0.00,0.00,0.00,0.00,0.00,0.00,0.00,0.00,0.00,
04,1508,15080302,San Bernardino Valley,2000,0.00,0.00,0.00,0.00,0.00,0.00,0.00,0.00,0.00,
35,1508,15080302,San Bernardino Valley,2000,0.00,0.00,0.00,0.00,0.00,0.00,0.00,0.00,0.00,
35,1508,15080303,Cloverdale,2000,0.00,0.00,0.00,0.00,0.00,0.00,0.00,0.00,0.00,
08,1401,14010001,Colorado Headwaters,2005,0.00,0.00,0.00,0.00,0.00,0.00,0.00,0.00,0.00,
08,1401,14010002,Blue,2005,0.00,0.00,0.00,0.00,0.00,0.00,0.00,0.00,0.00,
08,1401,14010003,Eagle,2005,0.02,0.00,0.02,0.00,0.00,0.00,0.02,0.00,0.02,
08,1401,14010004,Roaring Fork,2005,0.00,0.00,0.00,0.00,0.00,0.00,0.00,0.00,0.00,
08,1401,14010005,Colorado Headwaters-Plateau,2005,0.00,0.00,0.00,0.62,0.00,0.62,0.62,0.00,0.62,
49,1401,14010005,Colorado Headwaters-Plateau,2005,0.00,0.00,0.00,0.00,0.00,0.00,0.00,0.00,0.00,
08,1401,14010006,Parachute-Roan,2005,0.00,0.00,0.00,0.00,0.00,0.00,0.00,0.00,0.00,
08,1402,14020001,East-Taylor,2005,0.00,0.00,0.00,0.00,0.00,0.00,0.00,0.00,0.00,
08,1402,14020002,Upper Gunnison,2005,0.00,0.00,0.00,0.00,0.00,0.00,0.00,0.00,0.00,
08,1402,14020003,Tomichi,2005,0.00,0.00,0.00,0.00,0.00,0.00,0.00,0.00,0.00,
08,1402,14020004,North Fork Gunnison,2005,0.00,0.00,0.00,0.00,0.00,0.00,0.00,0.00,0.00,
08,1402,14020005,Lower Gunnison,2005,0.00,0.00,0.00,0.00,0.00,0.00,0.00,0.00,0.00,
08,1402,14020006,Uncompahgre,2005,0.00,0.00,0.00,0.00,0.00,0.00,0.00,0.00,0.00,
08,1403,14030001,Westwater Canyon,2005,0.00,0.00,0.00,0.00,0.00,0.00,0.00,0.00,0.00,
49,1403,14030001,Westwater Canyon,2005,0.00,0.00,0.00,0.00,0.00,0.00,0.00,0.00,0.00,
49,1403,14030002,Upper Dolores,2005,0.01,0.15,0.16,0.00,0.00,0.00,0.01,0.15,0.16,
08,1403,14030002,Upper Dolores,2005,0.00,0.00,0.00,0.00,0.00,0.00,0.00,0.00,0.00,
08,1403,14030003,San Miguel,2005,0.00,0.00,0.00,0.00,0.00,0.00,0.00,0.00,0.00,
08,1403,14030004,Lower Dolores,2005,0.00,0.00,0.00,0.00,0.00,0.00,0.00,0.00,0.00,
49,1403,14030004,Lower Dolores,2005,0.00,0.00,0.00,0.00,0.00,0.00,0.00,0.00,0.00,
08,1403,14030005,Upper Colorado-Kane Springs,2005,0.00,0.00,0.00,0.00,0.00,0.00,0.00,0.00,0.00,
49,1403,14030005,Upper Colorado-Kane Springs,2005,0.00,0.00,0.00,0.00,0.00,0.00,0.00,0.00,0.00,
56,1404,14040101,Upper Green,2005,0.04,0.00,0.04,0.01,0.00,0.01,0.06,0.00,0.06,
56,1404,14040102,New Fork,2005,0.00,0.00,0.00,0.00,0.00,0.00,0.00,0.00,0.00,
56,1404,14040103,Upper Green-Slate,2005,0.17,0.00,0.17,0.03,0.00,0.03,0.20,0.00,0.20,
56,1404,14040104,Big Sandy,2005,0.13,0.00,0.13,0.03,0.00,0.03,0.17,0.00,0.17,
56,1404,14040105,Bitter,2005,0.29,0.00,0.29,0.07,0.00,0.07,0.36,0.00,0.36,
56,1404,14040106,Upper Green-Flaming Gorge Reservoir,2005,0.13,0.00,0.13,0.03,0.00,0.03,0.17,0.00,0.17,
08,1404,14040106,Upper Green-Flaming Gorge Reservoir,2005,0.00,0.00,0.00,0.00,0.00,0.00,0.00,0.00,0.00,
49,1404,14040106,Upper Green-Flaming Gorge Reservoir,2005,0.00,0.00,0.00,0.00,0.00,0.00,0.00,0.00,0.00,
56,1404,14040107,Blacks Fork,2005,0.25,0.00,0.25,0.08,0.00,0.08,0.33,0.00,0.33,
49,1404,14040107,Blacks Fork,2005,0.00,0.00,0.00,0.00,0.00,0.00,0.00,0.00,0.00,
56,1404,14040108,Muddy,2005,0.09,0.00,0.09,0.04,0.00,0.04,0.13,0.00,0.13,
49,1404,14040108,Muddy,2005,0.00,0.00,0.00,0.00,0.00,0.00,0.00,0.00,0.00,
56,1404,14040109,Vermilion,2005,0.07,0.00,0.07,0.01,0.00,0.01,0.08,0.00,0.08,
08,1404,14040109,Vermilion,2005,0.00,0.00,0.00,0.00,0.00,0.00,0.00,0.00,0.00,
56,1404,14040200,Great Divide Closed Basin,2005,0.40,0.00,0.40,0.09,0.00,0.09,0.49,0.00,0.49,
08,1405,14050001,Upper Yampa,2005,0.00,0.00,0.00,0.00,0.00,0.00,0.00,0.00,0.00,
08,1405,14050002,Lower Yampa,2005,0.00,0.00,0.00,0.00,0.00,0.00,0.00,0.00,0.00,
56,1405,14050003,Little Snake,2005,0.11,0.00,0.11,0.03,0.00,0.03,0.15,0.00,0.15,
08,1405,14050003,Little Snake,2005,0.00,0.00,0.00,0.00,0.00,0.00,0.00,0.00,0.00,
56,1405,14050004,Muddy,2005,0.06,0.00,0.06,0.02,0.00,0.02,0.08,0.00,0.08,
08,1405,14050005,Upper White,2005,0.00,0.00,0.00,0.00,0.00,0.00,0.00,0.00,0.00,
08,1405,14050006,Piceance-Yellow,2005,0.00,0.00,0.00,0.00,0.00,0.00,0.00,0.00,0.00,
49,1405,14050007,Lower White,2005,0.29,0.00,0.29,0.00,0.00,0.00,0.29,0.00,0.29,
08,1405,14050007,Lower White,2005,0.00,0.00,0.00,0.00,0.00,0.00,0.00,0.00,0.00,
08,1406,14060001,Lower Green-Diamond,2005,0.00,0.00,0.00,0.00,0.00,0.00,0.00,0.00,0.00,
49,1406,14060001,Lower Green-Diamond,2005,0.00,0.00,0.00,0.00,0.00,0.00,0.00,0.00,0.00,
49,1406,14060002,Ashley-Brush,2005,2.05,0.00,2.05,0.00,0.00,0.00,2.05,0.00,2.05,
49,1406,14060003,Duchesne,2005,0.00,0.00,0.00,0.00,0.00,0.00,0.00,0.00,0.00,
49,1406,14060004,Strawberry,2005,0.00,0.00,0.00,0.00,0.00,0.00,0.00,0.00,0.00,
49,1406,14060005,Lower Green-Desolation Canyon,2005,0.00,0.00,0.00,0.00,0.00,0.00,0.00,0.00,0.00,
49,1406,14060006,Willow,2005,0.00,0.00,0.00,0.00,0.00,0.00,0.00,0.00,0.00,
49,1406,14060007,Price,2005,0.62,0.00,0.62,0.00,0.00,0.00,0.62,0.00,0.62,
49,1406,14060008,Lower Green,2005,0.00,0.00,0.00,0.00,0.00,0.00,0.00,0.00,0.00,
49,1406,14060009,San Rafael,2005,0.00,0.00,0.00,0.00,0.00,0.00,0.00,0.00,0.00,
49,1407,14070001,Upper Lake Powell,2005,0.00,0.00,0.00,0.00,0.00,0.00,0.00,0.00,0.00,
49,1407,14070002,Muddy,2005,0.00,0.00,0.00,0.00,0.00,0.00,0.00,0.00,0.00,
49,1407,14070003,Fremont,2005,0.00,0.00,0.00,0.00,0.00,0.00,0.00,0.00,0.00,
49,1407,14070004,Dirty Devil,2005,0.00,0.00,0.00,0.00,0.00,0.00,0.00,0.00,0.00,
49,1407,14070005,Escalante,2005,0.00,0.00,0.00,0.00,0.00,0.00,0.00,0.00,0.00,
04,1407,14070006,Lower Lake Powell,2005,0.00,0.00,0.00,0.00,0.00,0.00,0.00,0.00,0.00,
49,1407,14070006,Lower Lake Powell,2005,0.00,0.00,0.00,0.00,0.00,0.00,0.00,0.00,0.00,
04,1407,14070007,Paria,2005,0.00,0.00,0.00,0.00,0.00,0.00,0.00,0.00,0.00,
49,1407,14070007,Paria,2005,0.00,0.00,0.00,0.00,0.00,0.00,0.00,0.00,0.00,
08,1408,14080101,Upper San Juan,2005,0.00,0.00,0.00,0.00,0.00,0.00,0.00,0.00,0.00,
35,1408,14080101,Upper San Juan,2005,0.00,0.00,0.00,0.00,0.00,0.00,0.00,0.00,0.00,
08,1408,14080102,Piedra,2005,0.00,0.00,0.00,0.00,0.00,0.00,0.00,0.00,0.00,
35,1408,14080103,Blanco Canyon,2005,0.00,0.00,0.00,0.00,0.00,0.00,0.00,0.00,0.00,
08,1408,14080104,Animas,2005,0.00,0.00,0.00,0.24,0.00,0.24,0.24,0.00,0.24,
35,1408,14080104,Animas,2005,0.00,0.00,0.00,0.00,0.00,0.00,0.00,0.00,0.00,
35,1408,14080105,Middle San Juan,2005,1.05,0.00,1.05,0.00,0.00,0.00,1.05,0.00,1.05,
04,1408,14080105,Middle San Juan,2005,0.00,0.00,0.00,0.00,0.00,0.00,0.00,0.00,0.00,
08,1408,14080105,Middle San Juan,2005,0.00,0.00,0.00,0.00,0.00,0.00,0.00,0.00,0.00,
04,1408,14080106,Chaco,2005,0.00,0.00,0.00,0.00,0.00,0.00,0.00,0.00,0.00,
35,1408,14080106,Chaco,2005,0.00,0.00,0.00,0.00,0.00,0.00,0.00,0.00,0.00,
35,1408,14080107,Mancos,2005,0.01,0.00,0.01,0.00,0.00,0.00,0.01,0.00,0.01,
08,1408,14080107,Mancos,2005,0.00,0.00,0.00,0.00,0.00,0.00,0.00,0.00,0.00,
49,1408,14080201,Lower San Juan-Four Corners,2005,0.00,0.00,0.00,0.36,0.00,0.36,0.36,0.00,0.36,
35,1408,14080201,Lower San Juan-Four Corners,2005,0.19,0.00,0.19,0.00,0.00,0.00,0.19,0.00,0.19,
04,1408,14080201,Lower San Juan-Four Corners,2005,0.00,0.00,0.00,0.00,0.00,0.00,0.00,0.00,0.00,
08,1408,14080201,Lower San Juan-Four Corners,2005,0.00,0.00,0.00,0.00,0.00,0.00,0.00,0.00,0.00,
08,1408,14080202,Mcelmo,2005,0.00,0.00,0.00,0.00,0.00,0.00,0.00,0.00,0.00,
49,1408,14080202,Mcelmo,2005,0.00,0.00,0.00,0.00,0.00,0.00,0.00,0.00,0.00,
08,1408,14080203,Montezuma,2005,0.00,0.00,0.00,0.00,0.00,0.00,0.00,0.00,0.00,
49,1408,14080203,Montezuma,2005,0.00,0.00,0.00,0.00,0.00,0.00,0.00,0.00,0.00,
04,1408,14080204,Chinle,2005,0.00,0.00,0.00,0.00,0.00,0.00,0.00,0.00,0.00,
35,1408,14080204,Chinle,2005,0.00,0.00,0.00,0.00,0.00,0.00,0.00,0.00,0.00,
49,1408,14080204,Chinle,2005,0.00,0.00,0.00,0.00,0.00,0.00,0.00,0.00,0.00,
04,1408,14080205,Lower San Juan,2005,0.00,0.00,0.00,0.00,0.00,0.00,0.00,0.00,0.00,
49,1408,14080205,Lower San Juan,2005,0.00,0.00,0.00,0.00,0.00,0.00,0.00,0.00,0.00,
04,1501,15010001,Lower Colorado-Marble Canyon,2005,0.00,0.00,0.00,0.00,0.00,0.00,0.00,0.00,0.00,
04,1501,15010002,Grand Canyon,2005,0.00,0.00,0.00,0.00,0.00,0.00,0.00,0.00,0.00,
04,1501,15010003,Kanab,2005,0.00,0.00,0.00,0.00,0.00,0.00,0.00,0.00,0.00,
49,1501,15010003,Kanab,2005,0.00,0.00,0.00,0.00,0.00,0.00,0.00,0.00,0.00,
04,1501,15010004,Havasu Canyon,2005,0.00,0.00,0.00,0.00,0.00,0.00,0.00,0.00,0.00,
32,1501,15010005,Lake Mead,2005,0.00,0.00,0.00,1.93,0.00,1.93,1.93,0.00,1.93,
04,1501,15010005,Lake Mead,2005,0.00,0.00,0.00,0.00,0.00,0.00,0.00,0.00,0.00,
04,1501,15010006,Grand Wash,2005,0.00,0.00,0.00,0.00,0.00,0.00,0.00,0.00,0.00,
32,1501,15010006,Grand Wash,2005,0.00,0.00,0.00,0.00,0.00,0.00,0.00,0.00,0.00,
04,1501,15010007,Hualapai Wash,2005,0.01,0.00,0.01,0.00,0.00,0.00,0.01,0.00,0.01,
49,1501,15010008,Upper Virgin,2005,0.17,0.00,0.17,0.00,0.00,0.00,0.17,0.00,0.17,
04,1501,15010009,Fort Pearce Wash,2005,0.00,0.00,0.00,0.00,0.00,0.00,0.00,0.00,0.00,
49,1501,15010009,Fort Pearce Wash,2005,0.00,0.00,0.00,0.00,0.00,0.00,0.00,0.00,0.00,
32,1501,15010010,Lower Virgin,2005,0.31,0.00,0.31,0.00,0.00,0.00,0.31,0.00,0.31,
04,1501,15010010,Lower Virgin,2005,0.00,0.00,0.00,0.00,0.00,0.00,0.00,0.00,0.00,
49,1501,15010010,Lower Virgin,2005,0.00,0.00,0.00,0.00,0.00,0.00,0.00,0.00,0.00,
32,1501,15010011,White,2005,0.00,0.00,0.00,0.00,0.00,0.00,0.00,0.00,0.00,
32,1501,15010012,Muddy,2005,0.00,0.00,0.00,0.00,0.00,0.00,0.00,0.00,0.00,
32,1501,15010013,Meadow Valley Wash,2005,0.00,0.00,0.00,0.00,0.00,0.00,0.00,0.00,0.00,
49,1501,15010013,Meadow Valley Wash,2005,0.00,0.00,0.00,0.00,0.00,0.00,0.00,0.00,0.00,
04,1501,15010014,Detrital Wash,2005,0.00,0.00,0.00,0.00,0.00,0.00,0.00,0.00,0.00,
32,1501,15010015,Las Vegas Wash,2005,0.00,0.00,0.00,0.00,0.00,0.00,0.00,0.00,0.00,
04,1502,15020001,Little Colorado Headwaters,2005,0.00,0.00,0.00,0.00,0.00,0.00,0.00,0.00,0.00,
35,1502,15020001,Little Colorado Headwaters,2005,0.00,0.00,0.00,0.00,0.00,0.00,0.00,0.00,0.00,
04,1502,15020002,Upper Little Colorado,2005,0.00,0.00,0.00,0.00,0.00,0.00,0.00,0.00,0.00,
35,1502,15020002,Upper Little Colorado,2005,0.00,0.00,0.00,0.00,0.00,0.00,0.00,0.00,0.00,
04,1502,15020003,Carrizo Wash,2005,0.00,0.00,0.00,0.00,0.00,0.00,0.00,0.00,0.00,
35,1502,15020003,Carrizo Wash,2005,0.00,0.00,0.00,0.00,0.00,0.00,0.00,0.00,0.00,
35,1502,15020004,Zuni,2005,0.00,0.00,0.00,5.83,0.00,5.83,5.83,0.00,5.83,
04,1502,15020004,Zuni,2005,0.00,0.00,0.00,0.00,0.00,0.00,0.00,0.00,0.00,
04,1502,15020005,Silver,2005,11.56,0.00,11.56,0.00,0.00,0.00,11.56,0.00,11.56,
04,1502,15020006,Upper Puerco,2005,0.07,0.00,0.07,0.00,0.00,0.00,0.07,0.00,0.07,
35,1502,15020006,Upper Puerco,2005,0.00,0.00,0.00,0.00,0.00,0.00,0.00,0.00,0.00,
04,1502,15020007,Lower Puerco,2005,0.00,0.00,0.00,0.00,0.00,0.00,0.00,0.00,0.00,
04,1502,15020008,Middle Little Colorado,2005,0.00,0.00,0.00,0.00,0.00,0.00,0.00,0.00,0.00,
04,1502,15020009,Leroux Wash,2005,0.00,0.00,0.00,0.00,0.00,0.00,0.00,0.00,0.00,
04,1502,15020010,Chevelon Canyon,2005,0.00,0.00,0.00,0.00,0.00,0.00,0.00,0.00,0.00,
04,1502,15020011,Cottonwood Wash,2005,0.00,0.00,0.00,0.00,0.00,0.00,0.00,0.00,0.00,
04,1502,15020012,Corn-Oraibi,2005,0.00,0.00,0.00,0.00,0.00,0.00,0.00,0.00,0.00,
04,1502,15020013,Polacca Wash,2005,0.00,0.00,0.00,0.00,0.00,0.00,0.00,0.00,0.00,
04,1502,15020014,Jadito Wash,2005,0.00,0.00,0.00,0.00,0.00,0.00,0.00,0.00,0.00,
04,1502,15020015,Canyon Diablo,2005,0.00,0.00,0.00,0.00,0.00,0.00,0.00,0.00,0.00,
04,1502,15020016,Lower Little Colorado,2005,0.00,0.00,0.00,0.00,0.00,0.00,0.00,0.00,0.00,
04,1502,15020017,Dinnebito Wash,2005,0.00,0.00,0.00,0.00,0.00,0.00,0.00,0.00,0.00,
04,1502,15020018,Moenkopi Wash,2005,0.00,0.00,0.00,0.00,0.00,0.00,0.00,0.00,0.00,
04,1503,15030101,Havasu-Mohave Lake,2005,0.12,0.00,0.12,0.00,0.00,0.00,0.12,0.00,0.12,
32,1503,15030101,Havasu-Mohave Lake,2005,0.00,0.00,0.00,0.00,0.00,0.00,0.00,0.00,0.00,
06,1503,15030101,Havasu-Mohave Lake,2005,0.00,0.00,0.00,0.00,0.00,0.00,0.00,0.00,0.00,
32,1503,15030102,Piute Wash,2005,0.00,0.00,0.00,0.00,0.00,0.00,0.00,0.00,0.00,
06,1503,15030102,Piute Wash,2005,0.00,0.00,0.00,0.00,0.00,0.00,0.00,0.00,0.00,
04,1503,15030103,Sacramento Wash,2005,0.00,0.00,0.00,0.00,0.00,0.00,0.00,0.00,0.00,
04,1503,15030104,Imperial Reservoir,2005,0.00,0.00,0.00,0.00,0.00,0.00,0.00,0.00,0.00,
06,1503,15030104,Imperial Reservoir,2005,0.00,0.00,0.00,0.00,0.00,0.00,0.00,0.00,0.00,
04,1503,15030105,Bouse Wash,2005,0.00,0.00,0.00,0.00,0.00,0.00,0.00,0.00,0.00,
04,1503,15030106,Tyson Wash,2005,0.00,0.00,0.00,0.00,0.00,0.00,0.00,0.00,0.00,
04,1503,15030107,Lower Colorado,2005,0.00,0.00,0.00,0.00,0.00,0.00,0.00,0.00,0.00,
06,1503,15030107,Lower Colorado,2005,0.00,0.00,0.00,0.00,0.00,0.00,0.00,0.00,0.00,
04,1503,15030108,Yuma Desert,2005,0.00,0.00,0.00,0.00,0.00,0.00,0.00,0.00,0.00,
04,1503,15030201,Big Sandy,2005,0.04,0.00,0.04,0.00,0.00,0.00,0.04,0.00,0.04,
04,1503,15030202,Burro,2005,0.00,0.00,0.00,0.00,0.00,0.00,0.00,0.00,0.00,
04,1503,15030203,Santa Maria,2005,0.00,0.00,0.00,0.00,0.00,0.00,0.00,0.00,0.00,
04,1503,15030204,Bill Williams,2005,0.00,0.00,0.00,0.00,0.00,0.00,0.00,0.00,0.00,
35,1504,15040001,Upper Gila,2005,0.00,0.00,0.00,0.00,0.00,0.00,0.00,0.00,0.00,
04,1504,15040002,Upper Gila-Mangas,2005,0.00,0.00,0.00,0.00,0.00,0.00,0.00,0.00,0.00,
35,1504,15040002,Upper Gila-Mangas,2005,0.00,0.00,0.00,0.00,0.00,0.00,0.00,0.00,0.00,
35,1504,15040003,Animas Valley,2005,0.48,0.00,0.48,0.00,0.00,0.00,0.48,0.00,0.48,
04,1504,15040003,Animas Valley,2005,0.00,0.00,0.00,0.00,0.00,0.00,0.00,0.00,0.00,
04,1504,15040004,San Francisco,2005,0.00,0.00,0.00,0.00,0.00,0.00,0.00,0.00,0.00,
35,1504,15040004,San Francisco,2005,0.00,0.00,0.00,0.00,0.00,0.00,0.00,0.00,0.00,
04,1504,15040005,Upper Gila-San Carlos Reservoir,2005,0.19,0.00,0.19,0.00,0.00,0.00,0.19,0.00,0.19,
04,1504,15040006,San Simon,2005,0.00,0.00,0.00,0.00,0.00,0.00,0.00,0.00,0.00,
35,1504,15040006,San Simon,2005,0.00,0.00,0.00,0.00,0.00,0.00,0.00,0.00,0.00,
04,1504,15040007,San Carlos,2005,0.00,0.00,0.00,0.00,0.00,0.00,0.00,0.00,0.00,
04,1505,15050100,Middle Gila,2005,0.00,0.00,0.00,0.00,0.00,0.00,0.00,0.00,0.00,
04,1505,15050201,Willcox Playa,2005,0.08,0.00,0.08,0.00,0.00,0.00,0.08,0.00,0.08,
04,1505,15050202,Upper San Pedro,2005,0.01,0.00,0.01,0.00,0.00,0.00,0.01,0.00,0.01,
04,1505,15050203,Lower San Pedro,2005,0.59,0.00,0.59,0.00,0.00,0.00,0.59,0.00,0.59,
04,1505,15050301,Upper Santa Cruz,2005,0.00,0.00,0.00,0.00,0.00,0.00,0.00,0.00,0.00,
04,1505,15050302,Rillito,2005,0.00,0.00,0.00,0.00,0.00,0.00,0.00,0.00,0.00,
04,1505,15050303,Lower Santa Cruz,2005,0.00,0.00,0.00,0.00,0.00,0.00,0.00,0.00,0.00,
04,1505,15050304,Brawley Wash,2005,0.00,0.00,0.00,0.00,0.00,0.00,0.00,0.00,0.00,
04,1505,15050305,Aguirre Valley,2005,0.00,0.00,0.00,0.00,0.00,0.00,0.00,0.00,0.00,
04,1505,15050306,Santa Rosa Wash,2005,0.00,0.00,0.00,0.00,0.00,0.00,0.00,0.00,0.00,
04,1506,15060101,Black,2005,0.00,0.00,0.00,0.00,0.00,0.00,0.00,0.00,0.00,
04,1506,15060102,White,2005,0.00,0.00,0.00,0.00,0.00,0.00,0.00,0.00,0.00,
04,1506,15060103,Upper Salt,2005,0.70,0.00,0.70,0.00,0.00,0.00,0.70,0.00,0.70,
04,1506,15060104,Carrizo,2005,0.00,0.00,0.00,0.00,0.00,0.00,0.00,0.00,0.00,
04,1506,15060105,Tonto,2005,0.00,0.00,0.00,0.00,0.00,0.00,0.00,0.00,0.00,
04,1506,15060106,Lower Salt,2005,0.00,0.00,0.00,0.00,0.00,0.00,0.00,0.00,0.00,
04,1506,15060201,Big Chino-Williamson Valley,2005,0.00,0.00,0.00,0.00,0.00,0.00,0.00,0.00,0.00,
04,1506,15060202,Upper Verde,2005,1.20,0.00,1.20,0.00,0.00,0.00,1.20,0.00,1.20,
04,1506,15060203,Lower Verde,2005,0.01,0.00,0.01,0.00,0.00,0.00,0.01,0.00,0.01,
04,1507,15070101,Lower Gila-Painted Rock Reservoir,2005,0.00,0.00,0.00,0.00,0.00,0.00,0.00,0.00,0.00,
04,1507,15070102,Agua Fria,2005,0.00,0.00,0.00,0.00,0.00,0.00,0.00,0.00,0.00,
04,1507,15070103,Hassayampa,2005,0.00,0.00,0.00,0.00,0.00,0.00,0.00,0.00,0.00,
04,1507,15070104,Centennial Wash,2005,0.00,0.00,0.00,0.00,0.00,0.00,0.00,0.00,0.00,
04,1507,15070201,Lower Gila,2005,0.22,0.00,0.22,0.00,0.00,0.00,0.22,0.00,0.22,
04,1507,15070202,Tenmile Wash,2005,0.00,0.00,0.00,0.00,0.00,0.00,0.00,0.00,0.00,
04,1507,15070203,San Cristobal Wash,2005,0.00,0.00,0.00,0.00,0.00,0.00,0.00,0.00,0.00,
04,1508,15080101,San Simon Wash,2005,0.00,0.00,0.00,0.00,0.00,0.00,0.00,0.00,0.00,
04,1508,15080102,Rio Sonoyta,2005,0.00,0.00,0.00,0.00,0.00,0.00,0.00,0.00,0.00,
04,1508,15080103,Tule Desert,2005,0.00,0.00,0.00,0.00,0.00,0.00,0.00,0.00,0.00,
04,1508,15080200,Rio De La Concepcion,2005,0.00,0.00,0.00,0.00,0.00,0.00,0.00,0.00,0.00,
04,1508,15080301,Whitewater Draw,2005,0.00,0.00,0.00,0.00,0.00,0.00,0.00,0.00,0.00,
04,1508,15080302,San Bernardino Valley,2005,0.00,0.00,0.00,0.00,0.00,0.00,0.00,0.00,0.00,
35,1508,15080302,San Bernardino Valley,2005,0.00,0.00,0.00,0.00,0.00,0.00,0.00,0.00,0.00,
35,1508,15080303,Cloverdale,2005,0.00,0.00,0.00,0.00,0.00,0.00,0.00,0.00,0.00,
08,1401,14010001,Colorado Headwaters,2010,0.00,0.00,0.00,0.00,0.00,0.00,0.00,0.00,0.00,
08,1401,14010002,Blue,2010,0.00,0.00,0.00,0.00,0.00,0.00,0.00,0.00,0.00,
08,1401,14010003,Eagle,2010,0.00,0.00,0.00,0.00,0.00,0.00,0.00,0.00,0.00,
08,1401,14010004,Roaring Fork,2010,0.02,0.00,0.02,0.00,0.00,0.00,0.02,0.00,0.02,
08,1401,14010005,Colorado Headwaters-Plateau,2010,0.00,0.00,0.00,0.00,0.00,0.00,0.00,0.00,0.00,
49,1401,14010005,Colorado Headwaters-Plateau,2010,0.00,0.00,0.00,0.00,0.00,0.00,0.00,0.00,0.00,
08,1401,14020001,East-Taylor,2010,0.00,0.00,0.00,0.00,0.00,0.00,0.00,0.00,0.00,
08,1402,14020002,Upper Gunnison,2010,0.00,0.00,0.00,0.00,0.00,0.00,0.00,0.00,0.00,
08,1402,14020003,Tomichi,2010,0.00,0.00,0.00,0.00,0.00,0.00,0.00,0.00,0.00,
08,1402,14020004,North Fork Gunnison,2010,0.00,0.00,0.00,0.17,0.00,0.17,0.17,0.00,0.17,
08,1402,14020005,Lower Gunnison,2010,0.00,0.00,0.00,0.46,0.00,0.46,0.46,0.00,0.46,
08,1402,14020006,Uncompahgre,2010,0.00,0.00,0.00,0.00,0.00,0.00,0.00,0.00,0.00,
08,1403,14030001,Westwater Canyon,2010,0.00,0.00,0.00,0.00,0.00,0.00,0.00,0.00,0.00,
49,1403,14030001,Westwater Canyon,2010,0.00,0.00,0.00,0.00,0.00,0.00,0.00,0.00,0.00,
49,1403,14030002,Upper Dolores,2010,0.02,0.21,0.24,0.00,0.00,0.00,0.02,0.21,0.24,
08,1403,14030002,Upper Dolores,2010,0.00,0.00,0.00,0.00,0.00,0.00,0.00,0.00,0.00,
08,1403,14030003,San Miguel,2010,0.00,0.00,0.00,0.00,0.00,0.00,0.00,0.00,0.00,
08,1403,14030004,Lower Dolores,2010,0.00,0.00,0.00,0.00,0.00,0.00,0.00,0.00,0.00,
49,1403,14030004,Lower Dolores,2010,0.00,0.00,0.00,0.00,0.00,0.00,0.00,0.00,0.00,
08,1403,14030005,Upper Colorado-Kane Springs,2010,0.00,0.00,0.00,0.00,0.00,0.00,0.00,0.00,0.00,
49,1403,14030005,Upper Colorado-Kane Springs,2010,0.00,0.00,0.00,0.00,0.00,0.00,0.00,0.00,0.00,
56,1404,14040101,Upper Green,2010,0.01,0.00,0.01,0.00,0.00,0.00,0.01,0.00,0.01,
56,1404,14040102,New Fork,2010,0.00,0.00,0.00,0.00,0.00,0.00,0.00,0.00,0.00,
56,1404,14040103,Upper Green-Slate,2010,0.26,0.00,0.26,0.06,0.00,0.06,0.31,0.00,0.31,
56,1404,14040104,Big Sandy,2010,0.22,0.00,0.22,0.04,0.00,0.04,0.27,0.00,0.27,
56,1404,14040105,Bitter,2010,0.50,0.00,0.50,0.11,0.00,0.11,0.62,0.00,0.62,
56,1404,14040106,Upper Green-Flaming Gorge Reservoir,2010,0.22,0.00,0.22,0.04,0.00,0.04,0.27,0.00,0.27,
08,1404,14040106,Upper Green-Flaming Gorge Reservoir,2010,0.00,0.00,0.00,0.00,0.00,0.00,0.00,0.00,0.00,
49,1404,14040106,Upper Green-Flaming Gorge Reservoir,2010,0.00,0.00,0.00,0.00,0.00,0.00,0.00,0.00,0.00,
56,1404,14040107,Blacks Fork,2010,0.26,0.00,0.26,0.07,0.00,0.07,0.33,0.00,0.33,
49,1404,14040107,Blacks Fork,2010,0.00,0.00,0.00,0.00,0.00,0.00,0.00,0.00,0.00,
56,1404,14040108,Muddy,2010,0.03,0.00,0.03,0.02,0.00,0.02,0.06,0.00,0.06,
49,1404,14040108,Muddy,2010,0.00,0.00,0.00,0.00,0.00,0.00,0.00,0.00,0.00,
56,1404,14040109,Vermilion,2010,0.12,0.00,0.12,0.02,0.00,0.02,0.15,0.00,0.15,
08,1404,14040109,Vermilion,2010,0.00,0.00,0.00,0.00,0.00,0.00,0.00,0.00,0.00,
56,1404,14040200,Great Divide Closed Basin,2010,0.68,0.00,0.68,0.15,0.00,0.15,0.83,0.00,0.83,
08,1405,14050001,Upper Yampa,2010,0.00,0.00,0.00,0.00,0.00,0.00,0.00,0.00,0.00,
08,1405,14050002,Lower Yampa,2010,0.00,0.00,0.00,0.00,0.00,0.00,0.00,0.00,0.00,
56,1405,14050003,Little Snake,2010,0.16,0.00,0.16,0.03,0.00,0.03,0.19,0.00,0.19,
08,1405,14050003,Little Snake,2010,0.00,0.00,0.00,0.00,0.00,0.00,0.00,0.00,0.00,
56,1405,14050004,Muddy,2010,0.06,0.00,0.06,0.01,0.00,0.01,0.07,0.00,0.07,
08,1405,14050005,Upper White,2010,0.00,0.00,0.00,0.00,0.00,0.00,0.00,0.00,0.00,
08,1405,14050006,Piceance-Yellow,2010,0.00,0.00,0.00,0.00,0.00,0.00,0.00,0.00,0.00,
49,1405,14050007,Lower White,2010,0.22,0.00,0.22,0.00,0.00,0.00,0.22,0.00,0.22,
08,1405,14050007,Lower White,2010,0.00,0.00,0.00,0.00,0.00,0.00,0.00,0.00,0.00,
49,1406,14060001,Lower Green-Diamond,2010,3.95,0.00,3.95,0.00,0.00,0.00,3.95,0.00,3.95,
08,1406,14060001,Lower Green-Diamond,2010,0.00,0.00,0.00,0.00,0.00,0.00,0.00,0.00,0.00,
49,1406,14060002,Ashley-Brush,2010,0.00,0.00,0.00,0.00,0.00,0.00,0.00,0.00,0.00,
49,1406,14060003,Duchesne,2010,0.00,0.00,0.00,0.00,0.00,0.00,0.00,0.00,0.00,
49,1406,14060004,Strawberry,2010,0.00,0.00,0.00,0.00,0.00,0.00,0.00,0.00,0.00,
49,1406,14060005,Lower Green-Desolation Canyon,2010,0.00,0.00,0.00,0.02,0.00,0.02,0.02,0.00,0.02,
49,1406,14060006,Willow,2010,0.00,0.00,0.00,0.00,0.00,0.00,0.00,0.00,0.00,
49,1406,14060007,Price,2010,0.01,0.00,0.01,0.00,0.00,0.00,0.01,0.00,0.01,
49,1406,14060008,Lower Green,2010,0.00,0.00,0.00,0.00,0.00,0.00,0.00,0.00,0.00,
49,1406,14060009,San Rafael,2010,0.02,0.00,0.02,0.00,0.00,0.00,0.02,0.00,0.02,
49,1407,14070001,Upper Lake Powell,2010,0.00,0.00,0.00,0.00,0.00,0.00,0.00,0.00,0.00,
49,1407,14070002,Muddy,2010,0.00,0.00,0.00,0.00,0.00,0.00,0.00,0.00,0.00,
49,1407,14070003,Fremont,2010,0.00,0.00,0.00,0.00,0.00,0.00,0.00,0.00,0.00,
49,1407,14070004,Dirty Devil,2010,0.00,0.00,0.00,0.00,0.00,0.00,0.00,0.00,0.00,
49,1407,14070005,Escalante,2010,0.03,0.00,0.03,0.00,0.00,0.00,0.03,0.00,0.03,
04,1407,14070006,Lower Lake Powell,2010,0.00,0.00,0.00,0.00,0.00,0.00,0.00,0.00,0.00,
49,1407,14070006,Lower Lake Powell,2010,0.00,0.00,0.00,0.00,0.00,0.00,0.00,0.00,0.00,
04,1407,14070007,Paria,2010,0.00,0.00,0.00,0.00,0.00,0.00,0.00,0.00,0.00,
49,1407,14070007,Paria,2010,0.00,0.00,0.00,0.00,0.00,0.00,0.00,0.00,0.00,
35,1408,14080101,Upper San Juan,2010,0.00,0.00,0.00,0.91,0.00,0.91,0.91,0.00,0.91,
08,1408,14080101,Upper San Juan,2010,0.00,0.00,0.00,0.00,0.00,0.00,0.00,0.00,0.00,
08,1408,14080102,Piedra,2010,0.00,0.00,0.00,0.00,0.00,0.00,0.00,0.00,0.00,
35,1408,14080103,Blanco Canyon,2010,0.00,0.00,0.00,0.00,0.00,0.00,0.00,0.00,0.00,
08,1408,14080104,Animas,2010,0.00,0.00,0.00,0.22,0.00,0.22,0.22,0.00,0.22,
35,1408,14080104,Animas,2010,0.00,0.00,0.00,0.01,0.00,0.01,0.01,0.00,0.01,
04,1408,14080105,Middle San Juan,2010,0.00,0.00,0.00,0.00,0.00,0.00,0.00,0.00,0.00,
08,1408,14080105,Middle San Juan,2010,0.00,0.00,0.00,0.00,0.00,0.00,0.00,0.00,0.00,
35,1408,14080105,Middle San Juan,2010,0.00,0.00,0.00,0.00,0.00,0.00,0.00,0.00,0.00,
35,1408,14080106,Chaco,2010,0.11,0.00,0.11,0.00,0.00,0.00,0.11,0.00,0.11,
04,1408,14080106,Chaco,2010,0.00,0.00,0.00,0.00,0.00,0.00,0.00,0.00,0.00,
08,1408,14080107,Mancos,2010,0.00,0.00,0.00,0.00,0.00,0.00,0.00,0.00,0.00,
35,1408,14080107,Mancos,2010,0.00,0.00,0.00,0.00,0.00,0.00,0.00,0.00,0.00,
49,1408,14080201,Lower San Juan-Four Corners,2010,0.00,0.00,0.00,0.50,0.00,0.50,0.50,0.00,0.50,
04,1408,14080201,Lower San Juan-Four Corners,2010,0.00,0.00,0.00,0.00,0.00,0.00,0.00,0.00,0.00,
08,1408,14080201,Lower San Juan-Four Corners,2010,0.00,0.00,0.00,0.00,0.00,0.00,0.00,0.00,0.00,
35,1408,14080201,Lower San Juan-Four Corners,2010,0.00,0.00,0.00,0.00,0.00,0.00,0.00,0.00,0.00,
08,1408,14080202,Mcelmo,2010,0.00,0.00,0.00,0.00,0.00,0.00,0.00,0.00,0.00,
49,1408,14080202,Mcelmo,2010,0.00,0.00,0.00,0.00,0.00,0.00,0.00,0.00,0.00,
08,1408,14080203,Montezuma,2010,0.00,0.00,0.00,0.00,0.00,0.00,0.00,0.00,0.00,
49,1408,14080203,Montezuma,2010,0.00,0.00,0.00,0.00,0.00,0.00,0.00,0.00,0.00,
04,1408,14080204,Chinle,2010,0.00,0.00,0.00,0.00,0.00,0.00,0.00,0.00,0.00,
35,1408,14080204,Chinle,2010,0.00,0.00,0.00,0.00,0.00,0.00,0.00,0.00,0.00,
49,1408,14080204,Chinle,2010,0.00,0.00,0.00,0.00,0.00,0.00,0.00,0.00,0.00,
04,1408,14080205,Lower San Juan,2010,0.00,0.00,0.00,0.00,0.00,0.00,0.00,0.00,0.00,
49,1408,14080205,Lower San Juan,2010,0.00,0.00,0.00,0.00,0.00,0.00,0.00,0.00,0.00,
04,1501,15010001,Lower Colorado-Marble Canyon,2010,0.00,0.00,0.00,0.00,0.00,0.00,0.00,0.00,0.00,
04,1501,15010002,Grand Canyon,2010,0.00,0.00,0.00,0.00,0.00,0.00,0.00,0.00,0.00,
04,1501,15010003,Kanab,2010,0.00,0.00,0.00,0.00,0.00,0.00,0.00,0.00,0.00,
49,1501,15010003,Kanab,2010,0.00,0.00,0.00,0.00,0.00,0.00,0.00,0.00,0.00,
04,1501,15010004,Havasu Canyon,2010,0.00,0.00,0.00,0.00,0.00,0.00,0.00,0.00,0.00,
32,1501,15010005,Lake Mead,2010,0.00,0.00,0.00,5.08,0.00,5.08,5.08,0.00,5.08,
04,1501,15010005,Lake Mead,2010,0.00,0.00,0.00,0.00,0.00,0.00,0.00,0.00,0.00,
04,1501,15010006,Grand Wash,2010,0.00,0.00,0.00,0.00,0.00,0.00,0.00,0.00,0.00,
32,1501,15010006,Grand Wash,2010,0.00,0.00,0.00,0.00,0.00,0.00,0.00,0.00,0.00,
04,1501,15010007,Hualapai Wash,2010,0.00,0.00,0.00,0.00,0.00,0.00,0.00,0.00,0.00,
49,1501,15010008,Upper Virgin,2010,0.00,0.00,0.00,0.00,0.00,0.00,0.00,0.00,0.00,
49,1501,15010009,Fort Pearce Wash,2010,0.15,0.00,0.15,0.00,0.00,0.00,0.15,0.00,0.15,
04,1501,15010009,Fort Pearce Wash,2010,0.00,0.00,0.00,0.00,0.00,0.00,0.00,0.00,0.00,
04,1501,15010010,Lower Virgin,2010,0.00,0.00,0.00,0.00,0.00,0.00,0.00,0.00,0.00,
32,1501,15010010,Lower Virgin,2010,0.00,0.00,0.00,0.00,0.00,0.00,0.00,0.00,0.00,
49,1501,15010010,Lower Virgin,2010,0.00,0.00,0.00,0.00,0.00,0.00,0.00,0.00,0.00,
32,1501,15010011,White,2010,0.00,0.00,0.00,0.00,0.00,0.00,0.00,0.00,0.00,
32,1501,15010012,Muddy,2010,0.50,0.00,0.50,0.00,0.00,0.00,0.50,0.00,0.50,
32,1501,15010013,Meadow Valley Wash,2010,0.00,0.00,0.00,0.00,0.00,0.00,0.00,0.00,0.00,
49,1501,15010013,Meadow Valley Wash,2010,0.00,0.00,0.00,0.00,0.00,0.00,0.00,0.00,0.00,
04,1501,15010014,Detrital Wash,2010,0.00,0.00,0.00,0.00,0.00,0.00,0.00,0.00,0.00,
32,1501,15010015,Las Vegas Wash,2010,0.00,0.00,0.00,0.00,0.00,0.00,0.00,0.00,0.00,
04,1502,15020001,Little Colorado Headwaters,2010,0.00,0.00,0.00,0.00,0.00,0.00,0.00,0.00,0.00,
35,1502,15020001,Little Colorado Headwaters,2010,0.00,0.00,0.00,0.00,0.00,0.00,0.00,0.00,0.00,
04,1502,15020002,Upper Little Colorado,2010,0.00,0.00,0.00,0.00,0.00,0.00,0.00,0.00,0.00,
35,1502,15020002,Upper Little Colorado,2010,0.00,0.00,0.00,0.00,0.00,0.00,0.00,0.00,0.00,
04,1502,15020003,Carrizo Wash,2010,0.00,0.00,0.00,0.00,0.00,0.00,0.00,0.00,0.00,
35,1502,15020003,Carrizo Wash,2010,0.00,0.00,0.00,0.00,0.00,0.00,0.00,0.00,0.00,
04,1502,15020004,Zuni,2010,0.00,0.00,0.00,0.00,0.00,0.00,0.00,0.00,0.00,
35,1502,15020004,Zuni,2010,0.00,0.00,0.00,0.00,0.00,0.00,0.00,0.00,0.00,
04,1502,15020005,Silver,2010,10.00,0.00,10.00,0.00,0.00,0.00,10.00,0.00,10.00,
35,1502,15020006,Upper Puerco,2010,0.68,0.00,0.68,0.00,0.00,0.00,0.68,0.00,0.68,
04,1502,15020006,Upper Puerco,2010,0.02,0.00,0.02,0.00,0.00,0.00,0.02,0.00,0.02,
04,1502,15020007,Lower Puerco,2010,0.00,0.00,0.00,0.00,0.00,0.00,0.00,0.00,0.00,
04,1502,15020008,Middle Little Colorado,2010,0.00,0.00,0.00,0.00,0.00,0.00,0.00,0.00,0.00,
04,1502,15020009,Leroux Wash,2010,0.00,0.00,0.00,0.00,0.00,0.00,0.00,0.00,0.00,
04,1502,15020010,Chevelon Canyon,2010,0.00,0.00,0.00,0.00,0.00,0.00,0.00,0.00,0.00,
04,1502,15020011,Cottonwood Wash,2010,0.00,0.00,0.00,0.00,0.00,0.00,0.00,0.00,0.00,
04,1502,15020012,Corn-Oraibi,2010,0.00,0.00,0.00,0.00,0.00,0.00,0.00,0.00,0.00,
04,1502,15020013,Polacca Wash,2010,0.00,0.00,0.00,0.00,0.00,0.00,0.00,0.00,0.00,
04,1502,15020014,Jadito Wash,2010,0.00,0.00,0.00,0.00,0.00,0.00,0.00,0.00,0.00,
04,1502,15020015,Canyon Diablo,2010,0.00,0.00,0.00,0.00,0.00,0.00,0.00,0.00,0.00,
04,1502,15020016,Lower Little Colorado,2010,0.00,0.00,0.00,0.00,0.00,0.00,0.00,0.00,0.00,
04,1502,15020017,Dinnebito Wash,2010,0.00,0.00,0.00,0.00,0.00,0.00,0.00,0.00,0.00,
04,1502,15020018,Moenkopi Wash,2010,0.00,0.00,0.00,0.00,0.00,0.00,0.00,0.00,0.00,
04,1503,15030101,Havasu-Mohave Lake,2010,0.07,0.00,0.07,0.00,0.00,0.00,0.07,0.00,0.07,
06,1503,15030101,Havasu-Mohave Lake,2010,0.00,0.00,0.00,0.00,0.00,0.00,0.00,0.00,0.00,
32,1503,15030101,Havasu-Mohave Lake,2010,0.00,0.00,0.00,0.00,0.00,0.00,0.00,0.00,0.00,
06,1503,15030102,Piute Wash,2010,0.00,0.00,0.00,0.00,0.00,0.00,0.00,0.00,0.00,
32,1503,15030102,Piute Wash,2010,0.00,0.00,0.00,0.00,0.00,0.00,0.00,0.00,0.00,
04,1503,15030103,Sacramento Wash,2010,0.00,0.00,0.00,0.00,0.00,0.00,0.00,0.00,0.00,
04,1503,15030104,Imperial Reservoir,2010,0.00,0.00,0.00,0.00,0.00,0.00,0.00,0.00,0.00,
06,1503,15030104,Imperial Reservoir,2010,0.00,0.00,0.00,0.00,0.00,0.00,0.00,0.00,0.00,
04,1503,15030105,Bouse Wash,2010,0.00,0.00,0.00,0.00,0.00,0.00,0.00,0.00,0.00,
04,1503,15030106,Tyson Wash,2010,0.00,0.00,0.00,0.00,0.00,0.00,0.00,0.00,0.00,
04,1503,15030107,Lower Colorado,2010,0.00,0.00,0.00,0.00,0.00,0.00,0.00,0.00,0.00,
06,1503,15030107,Lower Colorado,2010,0.00,0.00,0.00,0.00,0.00,0.00,0.00,0.00,0.00,
04,1503,15030108,Yuma Desert,2010,0.00,0.00,0.00,0.00,0.00,0.00,0.00,0.00,0.00,
04,1503,15030201,Big Sandy,2010,0.00,0.00,0.00,0.00,0.00,0.00,0.00,0.00,0.00,
04,1503,15030202,Burro,2010,0.00,0.00,0.00,0.00,0.00,0.00,0.00,0.00,0.00,
04,1503,15030203,Santa Maria,2010,0.00,0.00,0.00,0.00,0.00,0.00,0.00,0.00,0.00,
04,1503,15030204,Bill Williams,2010,0.00,0.00,0.00,0.00,0.00,0.00,0.00,0.00,0.00,
35,1504,15040001,Upper Gila,2010,0.00,0.00,0.00,0.00,0.00,0.00,0.00,0.00,0.00,
04,1504,15040002,Upper Gila-Mangas,2010,0.00,0.00,0.00,0.00,0.00,0.00,0.00,0.00,0.00,
35,1504,15040002,Upper Gila-Mangas,2010,0.00,0.00,0.00,0.00,0.00,0.00,0.00,0.00,0.00,
35,1504,15040003,Animas Valley,2010,0.78,0.00,0.78,0.00,0.00,0.00,0.78,0.00,0.78,
04,1504,15040003,Animas Valley,2010,0.00,0.00,0.00,0.00,0.00,0.00,0.00,0.00,0.00,
04,1504,15040004,San Francisco,2010,0.00,0.00,0.00,0.00,0.00,0.00,0.00,0.00,0.00,
35,1504,15040004,San Francisco,2010,0.00,0.00,0.00,0.00,0.00,0.00,0.00,0.00,0.00,
04,1504,15040005,Upper Gila-San Carlos Reservoir,2010,0.19,0.00,0.19,0.00,0.00,0.00,0.19,0.00,0.19,
04,1504,15040006,San Simon,2010,0.00,0.00,0.00,0.00,0.00,0.00,0.00,0.00,0.00,
35,1504,15040006,San Simon,2010,0.00,0.00,0.00,0.00,0.00,0.00,0.00,0.00,0.00,
04,1504,15040007,San Carlos,2010,0.00,0.00,0.00,0.00,0.00,0.00,0.00,0.00,0.00,
04,1505,15050100,Middle Gila,2010,0.00,0.00,0.00,0.00,0.00,0.00,0.00,0.00,0.00,
04,1505,15050201,Willcox Playa,2010,0.06,0.00,0.06,0.00,0.00,0.00,0.06,0.00,0.06,
04,1505,15050202,Upper San Pedro,2010,0.01,0.00,0.01,0.00,0.00,0.00,0.01,0.00,0.01,
04,1505,15050203,Lower San Pedro,2010,0.00,0.00,0.00,0.00,0.00,0.00,0.00,0.00,0.00,
04,1505,15050301,Upper Santa Cruz,2010,0.00,0.00,0.00,0.00,0.00,0.00,0.00,0.00,0.00,
04,1505,15050302,Rillito,2010,0.00,0.00,0.00,0.00,0.00,0.00,0.00,0.00,0.00,
04,1505,15050303,Lower Santa Cruz,2010,0.11,0.00,0.11,0.00,0.00,0.00,0.11,0.00,0.11,
04,1505,15050304,Brawley Wash,2010,0.00,0.00,0.00,0.00,0.00,0.00,0.00,0.00,0.00,
04,1505,15050305,Aguirre Valley,2010,0.00,0.00,0.00,0.00,0.00,0.00,0.00,0.00,0.00,
04,1505,15050306,Santa Rosa Wash,2010,0.00,0.00,0.00,0.00,0.00,0.00,0.00,0.00,0.00,
04,1506,15060101,Black,2010,0.00,0.00,0.00,0.00,0.00,0.00,0.00,0.00,0.00,
04,1506,15060102,White,2010,0.00,0.00,0.00,0.00,0.00,0.00,0.00,0.00,0.00,
04,1506,15060103,Upper Salt,2010,0.02,0.00,0.02,0.00,0.00,0.00,0.02,0.00,0.02,
04,1506,15060104,Carrizo,2010,0.00,0.00,0.00,0.00,0.00,0.00,0.00,0.00,0.00,
04,1506,15060105,Tonto,2010,0.00,0.00,0.00,0.00,0.00,0.00,0.00,0.00,0.00,
04,1506,15060106,Lower Salt,2010,0.07,0.00,0.07,0.00,0.00,0.00,0.07,0.00,0.07,
04,1506,15060201,Big Chino-Williamson Valley,2010,0.00,0.00,0.00,0.00,0.00,0.00,0.00,0.00,0.00,
04,1506,15060202,Upper Verde,2010,1.22,0.00,1.22,0.00,0.00,0.00,1.22,0.00,1.22,
04,1506,15060203,Lower Verde,2010,0.01,0.00,0.01,0.00,0.00,0.00,0.01,0.00,0.01,
04,1507,15070101,Lower Gila-Painted Rock Reservoir,2010,0.00,0.00,0.00,0.00,0.00,0.00,0.00,0.00,0.00,
04,1507,15070102,Agua Fria,2010,2.45,0.00,2.45,0.00,0.00,0.00,2.45,0.00,2.45,
04,1507,15070103,Hassayampa,2010,0.00,0.00,0.00,0.00,0.00,0.00,0.00,0.00,0.00,
04,1507,15070104,Centennial Wash,2010,0.00,0.00,0.00,0.00,0.00,0.00,0.00,0.00,0.00,
04,1507,15070201,Lower Gila,2010,0.25,0.00,0.25,0.00,0.00,0.00,0.25,0.00,0.25,
04,1507,15070202,Tenmile Wash,2010,0.00,0.00,0.00,0.00,0.00,0.00,0.00,0.00,0.00,
04,1507,15070203,San Cristobal Wash,2010,0.00,0.00,0.00,0.00,0.00,0.00,0.00,0.00,0.00,
04,1508,15080101,San Simon Wash,2010,0.00,0.00,0.00,0.00,0.00,0.00,0.00,0.00,0.00,
04,1508,15080102,Rio Sonoyta,2010,0.00,0.00,0.00,0.00,0.00,0.00,0.00,0.00,0.00,
04,1508,15080103,Tule Desert,2010,0.00,0.00,0.00,0.00,0.00,0.00,0.00,0.00,0.00,
04,1508,15080200,Rio De La Concepcion,2010,0.00,0.00,0.00,0.00,0.00,0.00,0.00,0.00,0.00,
04,1508,15080301,Whitewater Draw,2010,0.00,0.00,0.00,0.00,0.00,0.00,0.00,0.00,0.00,
04,1508,15080302,San Bernardino Valley,2010,0.00,0.00,0.00,0.00,0.00,0.00,0.00,0.00,0.00,
35,1508,15080302,San Bernardino Valley,2010,0.00,0.00,0.00,0.00,0.00,0.00,0.00,0.00,0.00,
35,1508,15080303,Cloverdale,2010,0.00,0.00,0.00,0.00,0.00,0.00,0.00,0.00,0.00,
