STATECODE,HUC4CODE,HUC8CODE,HUCNAME,YEAR,HY-InUse,HY-OffFr,HY-ToUse,HY-InPow,HY-OfPow,HY-ToPow,HY-InFac,HY-OfFac,HY-ToFac
08,1401,14010001,Colorado Headwaters,1985,841.86,0.00,841.86,114.02,0.00,114.02,2.00,0.00,2.00
08,1401,14010002,Blue,1985,456.99,0.00,456.99,81.18,0.00,81.18,2.00,0.00,2.00
08,1401,14010003,Eagle,1985,0.00,0.00,0.00,0.00,0.00,0.00,0.00,0.00,0.00
08,1401,14010004,Roaring Fork,1985,0.00,0.00,0.00,0.00,0.00,0.00,0.00,0.00,0.00
08,1401,14010005,Colorado Headwaters-Plateau,1985,690.65,0.00,690.65,86.30,0.00,86.30,4.00,0.00,4.00
49,1401,14010005,Colorado Headwaters-Plateau,1985,0.00,0.00,0.00,0.00,0.00,0.00,0.00,0.00,0.00
08,1401,14010006,Parachute-Roan,1985,0.00,0.00,0.00,0.00,0.00,0.00,0.00,0.00,0.00
08,1402,14020001,East-Taylor,1985,0.00,0.00,0.00,0.00,0.00,0.00,0.00,0.00,0.00
08,1402,14020002,Upper Gunnison,1985,1449.42,0.00,1449.42,431.23,0.00,431.23,3.00,0.00,3.00
08,1402,14020003,Tomichi,1985,0.00,0.00,0.00,0.00,0.00,0.00,0.00,0.00,0.00
08,1402,14020004,North Fork Gunnison,1985,0.00,0.00,0.00,0.00,0.00,0.00,0.00,0.00,0.00
08,1402,14020005,Lower Gunnison,1985,0.00,0.00,0.00,0.00,0.00,0.00,0.00,0.00,0.00
08,1402,14020006,Uncompahgre,1985,2895.98,0.00,2895.98,806.08,0.00,806.08,--,0.00,--
08,1403,14030001,Westwater Canyon,1985,0.00,0.00,0.00,0.00,0.00,0.00,0.00,0.00,0.00
49,1403,14030001,Westwater Canyon,1985,0.00,0.00,0.00,0.00,0.00,0.00,0.00,0.00,0.00
08,1403,14030002,Upper Dolores,1985,0.00,0.00,0.00,0.00,0.00,0.00,0.00,0.00,0.00
49,1403,14030002,Upper Dolores,1985,0.00,0.00,0.00,0.00,0.00,0.00,0.00,0.00,0.00
08,1403,14030003,San Miguel,1985,25.72,0.00,25.72,16.03,0.00,16.03,1.00,0.00,1.00
08,1403,14030004,Lower Dolores,1985,0.00,0.00,0.00,0.00,0.00,0.00,0.00,0.00,0.00
49,1403,14030004,Lower Dolores,1985,0.00,0.00,0.00,0.00,0.00,0.00,0.00,0.00,0.00
08,1403,14030005,Upper Colorado-Kane Springs,1985,0.00,0.00,0.00,0.00,0.00,0.00,0.00,0.00,0.00
49,1403,14030005,Upper Colorado-Kane Springs,1985,0.00,0.00,0.00,0.00,0.00,0.00,0.00,0.00,0.00
56,1404,14040101,Upper Green,1985,239.54,0.00,239.54,13.72,0.00,13.72,1.00,0.00,1.00
56,1404,14040102,New Fork,1985,0.00,0.00,0.00,0.00,0.00,0.00,0.00,0.00,0.00
56,1404,14040103,Upper Green-Slate,1985,0.00,0.00,0.00,0.00,0.00,0.00,0.00,0.00,0.00
56,1404,14040104,Big Sandy,1985,0.00,0.00,0.00,0.00,0.00,0.00,0.00,0.00,0.00
56,1404,14040105,Bitter,1985,0.00,0.00,0.00,0.00,0.00,0.00,0.00,0.00,0.00
08,1404,14040106,Upper Green-Flaming Gorge Reservoir,1985,0.00,0.00,0.00,0.00,0.00,0.00,0.00,0.00,0.00
49,1404,14040106,Upper Green-Flaming Gorge Reservoir,1985,1269.79,0.00,1269.79,627.55,0.00,627.55,1.00,0.00,1.00
56,1404,14040106,Upper Green-Flaming Gorge Reservoir,1985,0.00,0.00,0.00,0.00,0.00,0.00,0.00,0.00,0.00
49,1404,14040107,Blacks Fork,1985,0.00,0.00,0.00,0.00,0.00,0.00,0.00,0.00,0.00
56,1404,14040107,Blacks Fork,1985,0.00,0.00,0.00,0.00,0.00,0.00,0.00,0.00,0.00
49,1404,14040108,Muddy,1985,0.00,0.00,0.00,0.00,0.00,0.00,0.00,0.00,0.00
56,1404,14040108,Muddy,1985,0.00,0.00,0.00,0.00,0.00,0.00,0.00,0.00,0.00
08,1404,14040109,Vermilion,1985,0.00,0.00,0.00,0.00,0.00,0.00,0.00,0.00,0.00
56,1404,14040109,Vermilion,1985,0.00,0.00,0.00,0.00,0.00,0.00,0.00,0.00,0.00
56,1404,14040200,Great Divide Closed Basin,1985,0.00,0.00,0.00,0.00,0.00,0.00,0.00,0.00,0.00
08,1405,14050001,Upper Yampa,1985,0.00,0.00,0.00,0.00,0.00,0.00,0.00,0.00,0.00
08,1405,14050002,Lower Yampa,1985,0.00,0.00,0.00,0.00,0.00,0.00,0.00,0.00,0.00
08,1405,14050003,Little Snake,1985,0.00,0.00,0.00,0.00,0.00,0.00,0.00,0.00,0.00
56,1405,14050003,Little Snake,1985,0.00,0.00,0.00,0.00,0.00,0.00,0.00,0.00,0.00
56,1405,14050004,Muddy,1985,0.00,0.00,0.00,0.00,0.00,0.00,0.00,0.00,0.00
08,1405,14050005,Upper White,1985,0.00,0.00,0.00,0.00,0.00,0.00,0.00,0.00,0.00
08,1405,14050006,Piceance-Yellow,1985,0.00,0.00,0.00,0.00,0.00,0.00,0.00,0.00,0.00
08,1405,14050007,Lower White,1985,0.00,0.00,0.00,0.00,0.00,0.00,0.00,0.00,0.00
49,1405,14050007,Lower White,1985,0.00,0.00,0.00,0.00,0.00,0.00,0.00,0.00,0.00
08,1406,14060001,Lower Green-Diamond,1985,0.00,0.00,0.00,0.00,0.00,0.00,0.00,0.00,0.00
49,1406,14060001,Lower Green-Diamond,1985,0.00,0.00,0.00,0.00,0.00,0.00,0.00,0.00,0.00
49,1406,14060002,Ashley-Brush,1985,0.00,0.00,0.00,0.00,0.00,0.00,0.00,0.00,0.00
49,1406,14060003,Duchesne,1985,36.76,0.00,36.76,9.81,0.00,9.81,2.00,0.00,2.00
49,1406,14060004,Strawberry,1985,0.00,0.00,0.00,0.00,0.00,0.00,0.00,0.00,0.00
49,1406,14060005,Lower Green-Desolation Canyon,1985,0.00,0.00,0.00,0.00,0.00,0.00,0.00,0.00,0.00
49,1406,14060006,Willow,1985,0.00,0.00,0.00,0.00,0.00,0.00,0.00,0.00,0.00
49,1406,14060007,Price,1985,0.00,0.00,0.00,0.00,0.00,0.00,0.00,0.00,0.00
49,1406,14060008,Lower Green,1985,0.00,0.00,0.00,0.00,0.00,0.00,0.00,0.00,0.00
49,1406,14060009,San Rafael,1985,0.00,0.00,0.00,0.00,0.00,0.00,0.00,0.00,0.00
49,1407,14070001,Upper Lake Powell,1985,0.00,0.00,0.00,0.00,0.00,0.00,0.00,0.00,0.00
49,1407,14070002,Muddy,1985,0.00,0.00,0.00,0.00,0.00,0.00,0.00,0.00,0.00
49,1407,14070003,Fremont,1985,0.00,0.00,0.00,0.00,0.00,0.00,0.00,0.00,0.00
49,1407,14070004,Dirty Devil,1985,0.00,0.00,0.00,0.00,0.00,0.00,0.00,0.00,0.00
49,1407,14070005,Escalante,1985,31.18,0.00,31.18,27.81,0.00,27.81,2.00,0.00,2.00
04,1407,14070006,Lower Lake Powell,1985,15963.47,0.00,15963.47,7663.58,0.00,7663.58,1.00,0.00,1.00
49,1407,14070006,Lower Lake Powell,1985,0.00,0.00,0.00,0.00,0.00,0.00,0.00,0.00,0.00
04,1407,14070007,Paria,1985,0.00,0.00,0.00,0.00,0.00,0.00,0.00,0.00,0.00
49,1407,14070007,Paria,1985,0.00,0.00,0.00,0.00,0.00,0.00,0.00,0.00,0.00
08,1408,14080101,Upper San Juan,1985,0.00,0.00,0.00,0.00,0.00,0.00,0.00,0.00,0.00
35,1408,14080101,Upper San Juan,1985,0.00,0.00,0.00,0.00,0.00,0.00,0.00,0.00,0.00
08,1408,14080102,Piedra,1985,0.00,0.00,0.00,0.00,0.00,0.00,0.00,0.00,0.00
35,1408,14080103,Blanco Canyon,1985,0.00,0.00,0.00,0.00,0.00,0.00,0.00,0.00,0.00
08,1408,14080104,Animas,1985,54.70,0.00,54.70,39.31,0.00,39.31,1.00,0.00,1.00
35,1408,14080104,Animas,1985,0.00,0.00,0.00,0.00,0.00,0.00,0.00,0.00,0.00
04,1408,14080105,Middle San Juan,1985,0.00,0.00,0.00,0.00,0.00,0.00,0.00,0.00,0.00
08,1408,14080105,Middle San Juan,1985,0.00,0.00,0.00,0.00,0.00,0.00,0.00,0.00,0.00
35,1408,14080105,Middle San Juan,1985,0.00,0.00,0.00,0.00,0.00,0.00,0.00,0.00,0.00
04,1408,14080106,Chaco,1985,0.00,0.00,0.00,0.00,0.00,0.00,0.00,0.00,0.00
35,1408,14080106,Chaco,1985,0.00,0.00,0.00,0.00,0.00,0.00,0.00,0.00,0.00
08,1408,14080107,Mancos,1985,0.00,0.00,0.00,0.00,0.00,0.00,0.00,0.00,0.00
35,1408,14080107,Mancos,1985,0.00,0.00,0.00,0.00,0.00,0.00,0.00,0.00,0.00
04,1408,14080201,Lower San Juan-Four Corners,1985,0.00,0.00,0.00,0.00,0.00,0.00,0.00,0.00,0.00
08,1408,14080201,Lower San Juan-Four Corners,1985,0.00,0.00,0.00,0.00,0.00,0.00,0.00,0.00,0.00
35,1408,14080201,Lower San Juan-Four Corners,1985,0.00,0.00,0.00,0.00,0.00,0.00,0.00,0.00,0.00
49,1408,14080201,Lower San Juan-Four Corners,1985,0.00,0.00,0.00,0.00,0.00,0.00,0.00,0.00,0.00
08,1408,14080202,Mcelmo,1985,0.00,0.00,0.00,0.00,0.00,0.00,0.00,0.00,0.00
49,1408,14080202,Mcelmo,1985,0.00,0.00,0.00,0.00,0.00,0.00,0.00,0.00,0.00
08,1408,14080203,Montezuma,1985,0.00,0.00,0.00,0.00,0.00,0.00,0.00,0.00,0.00
49,1408,14080203,Montezuma,1985,0.00,0.00,0.00,0.00,0.00,0.00,0.00,0.00,0.00
04,1408,14080204,Chinle,1985,0.00,0.00,0.00,0.00,0.00,0.00,0.00,0.00,0.00
35,1408,14080204,Chinle,1985,0.00,0.00,0.00,0.00,0.00,0.00,0.00,0.00,0.00
49,1408,14080204,Chinle,1985,0.00,0.00,0.00,0.00,0.00,0.00,0.00,0.00,0.00
04,1408,14080205,Lower San Juan,1985,0.00,0.00,0.00,0.00,0.00,0.00,0.00,0.00,0.00
49,1408,14080205,Lower San Juan,1985,0.00,0.00,0.00,0.00,0.00,0.00,0.00,0.00,0.00
04,1501,15010001,Lower Colorado-Marble Canyon,1985,0.00,0.00,0.00,0.00,0.00,0.00,0.00,0.00,0.00
04,1501,15010002,Grand Canyon,1985,0.00,0.00,0.00,0.00,0.00,0.00,0.00,0.00,0.00
04,1501,15010003,Kanab,1985,0.00,0.00,0.00,0.00,0.00,0.00,0.00,0.00,0.00
49,1501,15010003,Kanab,1985,0.00,0.00,0.00,0.00,0.00,0.00,0.00,0.00,0.00
04,1501,15010004,Havasu Canyon,1985,0.00,0.00,0.00,0.00,0.00,0.00,0.00,0.00,0.00
04,1501,15010005,Lake Mead,1985,0.00,0.00,0.00,0.00,0.00,0.00,0.00,0.00,0.00
32,1501,15010005,Lake Mead,1985,0.00,0.00,0.00,0.00,0.00,0.00,0.00,0.00,0.00
04,1501,15010006,Grand Wash,1985,0.00,0.00,0.00,0.00,0.00,0.00,0.00,0.00,0.00
32,1501,15010006,Grand Wash,1985,0.00,0.00,0.00,0.00,0.00,0.00,0.00,0.00,0.00
04,1501,15010007,Hualapai Wash,1985,0.00,0.00,0.00,0.00,0.00,0.00,0.00,0.00,0.00
49,1501,15010008,Upper Virgin,1985,20.99,0.00,20.99,2.28,0.00,2.28,4.00,0.00,4.00
04,1501,15010009,Fort Pearce Wash,1985,0.00,0.00,0.00,0.00,0.00,0.00,0.00,0.00,0.00
49,1501,15010009,Fort Pearce Wash,1985,0.00,0.00,0.00,0.00,0.00,0.00,0.00,0.00,0.00
04,1501,15010010,Lower Virgin,1985,0.00,0.00,0.00,0.00,0.00,0.00,0.00,0.00,0.00
32,1501,15010010,Lower Virgin,1985,0.00,0.00,0.00,0.00,0.00,0.00,0.00,0.00,0.00
49,1501,15010010,Lower Virgin,1985,0.00,0.00,0.00,0.00,0.00,0.00,0.00,0.00,0.00
32,1501,15010011,White,1985,0.00,0.00,0.00,0.00,0.00,0.00,0.00,0.00,0.00
32,1501,15010012,Muddy,1985,0.00,0.00,0.00,0.00,0.00,0.00,0.00,0.00,0.00
32,1501,15010013,Meadow Valley Wash,1985,0.00,0.00,0.00,0.00,0.00,0.00,0.00,0.00,0.00
49,1501,15010013,Meadow Valley Wash,1985,0.00,0.00,0.00,0.00,0.00,0.00,0.00,0.00,0.00
04,1501,15010014,Detrital Wash,1985,0.00,0.00,0.00,0.00,0.00,0.00,0.00,0.00,0.00
32,1501,15010015,Las Vegas Wash,1985,0.00,0.00,0.00,0.00,0.00,0.00,0.00,0.00,0.00
04,1502,15020001,Little Colorado Headwaters,1985,0.00,0.00,0.00,0.00,0.00,0.00,0.00,0.00,0.00
35,1502,15020001,Little Colorado Headwaters,1985,0.00,0.00,0.00,0.00,0.00,0.00,0.00,0.00,0.00
04,1502,15020002,Upper Little Colorado,1985,0.00,0.00,0.00,0.00,0.00,0.00,0.00,0.00,0.00
35,1502,15020002,Upper Little Colorado,1985,0.00,0.00,0.00,0.00,0.00,0.00,0.00,0.00,0.00
04,1502,15020003,Carrizo Wash,1985,0.00,0.00,0.00,0.00,0.00,0.00,0.00,0.00,0.00
35,1502,15020003,Carrizo Wash,1985,0.00,0.00,0.00,0.00,0.00,0.00,0.00,0.00,0.00
04,1502,15020004,Zuni,1985,0.00,0.00,0.00,0.00,0.00,0.00,0.00,0.00,0.00
35,1502,15020004,Zuni,1985,0.00,0.00,0.00,0.00,0.00,0.00,0.00,0.00,0.00
04,1502,15020005,Silver,1985,0.00,0.00,0.00,0.00,0.00,0.00,0.00,0.00,0.00
04,1502,15020006,Upper Puerco,1985,0.00,0.00,0.00,0.00,0.00,0.00,0.00,0.00,0.00
35,1502,15020006,Upper Puerco,1985,0.00,0.00,0.00,0.00,0.00,0.00,0.00,0.00,0.00
04,1502,15020007,Lower Puerco,1985,0.00,0.00,0.00,0.00,0.00,0.00,0.00,0.00,0.00
04,1502,15020008,Middle Little Colorado,1985,0.00,0.00,0.00,0.00,0.00,0.00,0.00,0.00,0.00
04,1502,15020009,Leroux Wash,1985,0.00,0.00,0.00,0.00,0.00,0.00,0.00,0.00,0.00
04,1502,15020010,Chevelon Canyon,1985,0.00,0.00,0.00,0.00,0.00,0.00,0.00,0.00,0.00
04,1502,15020011,Cottonwood Wash,1985,0.00,0.00,0.00,0.00,0.00,0.00,0.00,0.00,0.00
04,1502,15020012,Corn-Oraibi,1985,0.00,0.00,0.00,0.00,0.00,0.00,0.00,0.00,0.00
04,1502,15020013,Polacca Wash,1985,0.00,0.00,0.00,0.00,0.00,0.00,0.00,0.00,0.00
04,1502,15020014,Jadito Wash,1985,0.00,0.00,0.00,0.00,0.00,0.00,0.00,0.00,0.00
04,1502,15020015,Canyon Diablo,1985,0.00,0.00,0.00,0.00,0.00,0.00,0.00,0.00,0.00
04,1502,15020016,Lower Little Colorado,1985,0.00,0.00,0.00,0.00,0.00,0.00,0.00,0.00,0.00
04,1502,15020017,Dinnebito Wash,1985,0.00,0.00,0.00,0.00,0.00,0.00,0.00,0.00,0.00
04,1502,15020018,Moenkopi Wash,1985,0.00,0.00,0.00,0.00,0.00,0.00,0.00,0.00,0.00
04,1503,15030101,Havasu-Mohave Lake,1985,23843.67,0.00,23843.67,5697.00,0.00,5697.00,3.00,0.00,3.00
06,1503,15030101,Havasu-Mohave Lake,1985,0.00,0.00,0.00,0.00,0.00,0.00,0.00,0.00,0.00
32,1503,15030101,Havasu-Mohave Lake,1985,9264.73,0.00,9264.73,4308.66,0.00,4308.66,1.00,0.00,1.00
06,1503,15030102,Piute Wash,1985,0.00,0.00,0.00,0.00,0.00,0.00,0.00,0.00,0.00
32,1503,15030102,Piute Wash,1985,0.00,0.00,0.00,0.00,0.00,0.00,0.00,0.00,0.00
04,1503,15030103,Sacramento Wash,1985,0.00,0.00,0.00,0.00,0.00,0.00,0.00,0.00,0.00
04,1503,15030104,Imperial Reservoir,1985,0.00,0.00,0.00,0.00,0.00,0.00,0.00,0.00,0.00
06,1503,15030104,Imperial Reservoir,1985,14594.16,0.00,14594.16,872.43,0.00,872.43,1.00,0.00,1.00
04,1503,15030105,Bouse Wash,1985,0.00,0.00,0.00,0.00,0.00,0.00,0.00,0.00,0.00
04,1503,15030106,Tyson Wash,1985,0.00,0.00,0.00,0.00,0.00,0.00,0.00,0.00,0.00
04,1503,15030107,Lower Colorado,1985,0.00,0.00,0.00,0.00,0.00,0.00,0.00,0.00,0.00
06,1503,15030107,Lower Colorado,1985,7.53,0.00,7.53,221.82,0.00,221.82,1.00,0.00,1.00
04,1503,15030108,Yuma Desert,1985,0.00,0.00,0.00,0.00,0.00,0.00,0.00,0.00,0.00
04,1503,15030201,Big Sandy,1985,0.00,0.00,0.00,0.00,0.00,0.00,0.00,0.00,0.00
04,1503,15030202,Burro,1985,0.00,0.00,0.00,0.00,0.00,0.00,0.00,0.00,0.00
04,1503,15030203,Santa Maria,1985,0.00,0.00,0.00,0.00,0.00,0.00,0.00,0.00,0.00
04,1503,15030204,Bill Williams,1985,0.00,0.00,0.00,0.00,0.00,0.00,0.00,0.00,0.00
35,1504,15040001,Upper Gila,1985,0.00,0.00,0.00,0.00,0.00,0.00,0.00,0.00,0.00
04,1504,15040002,Upper Gila-Mangas,1985,0.00,0.00,0.00,0.00,0.00,0.00,0.00,0.00,0.00
35,1504,15040002,Upper Gila-Mangas,1985,0.00,0.00,0.00,0.00,0.00,0.00,0.00,0.00,0.00
04,1504,15040003,Animas Valley,1985,0.00,0.00,0.00,0.00,0.00,0.00,0.00,0.00,0.00
35,1504,15040003,Animas Valley,1985,0.00,0.00,0.00,0.00,0.00,0.00,0.00,0.00,0.00
04,1504,15040004,San Francisco,1985,0.00,0.00,0.00,0.00,0.00,0.00,0.00,0.00,0.00
35,1504,15040004,San Francisco,1985,0.00,0.00,0.00,0.00,0.00,0.00,0.00,0.00,0.00
04,1504,15040005,Upper Gila-San Carlos Reservoir,1985,0.00,0.00,0.00,0.00,0.00,0.00,0.00,0.00,0.00
04,1504,15040006,San Simon,1985,0.00,0.00,0.00,0.00,0.00,0.00,0.00,0.00,0.00
35,1504,15040006,San Simon,1985,0.00,0.00,0.00,0.00,0.00,0.00,0.00,0.00,0.00
04,1504,15040007,San Carlos,1985,0.00,0.00,0.00,0.00,0.00,0.00,0.00,0.00,0.00
04,1505,15050100,Middle Gila,1985,0.00,0.00,0.00,0.00,0.00,0.00,0.00,0.00,0.00
04,1505,15050201,Willcox Playa,1985,0.00,0.00,0.00,0.00,0.00,0.00,0.00,0.00,0.00
04,1505,15050202,Upper San Pedro,1985,0.00,0.00,0.00,0.00,0.00,0.00,0.00,0.00,0.00
04,1505,15050203,Lower San Pedro,1985,0.00,0.00,0.00,0.00,0.00,0.00,0.00,0.00,0.00
04,1505,15050301,Upper Santa Cruz,1985,0.00,0.00,0.00,0.00,0.00,0.00,0.00,0.00,0.00
04,1505,15050302,Rillito,1985,0.00,0.00,0.00,0.00,0.00,0.00,0.00,0.00,0.00
04,1505,15050303,Lower Santa Cruz,1985,0.00,0.00,0.00,0.00,0.00,0.00,0.00,0.00,0.00
04,1505,15050304,Brawley Wash,1985,0.00,0.00,0.00,0.00,0.00,0.00,0.00,0.00,0.00
04,1505,15050305,Aguirre Valley,1985,0.00,0.00,0.00,0.00,0.00,0.00,0.00,0.00,0.00
04,1505,15050306,Santa Rosa Wash,1985,0.00,0.00,0.00,0.00,0.00,0.00,0.00,0.00,0.00
04,1506,15060101,Black,1985,0.00,0.00,0.00,0.00,0.00,0.00,0.00,0.00,0.00
04,1506,15060102,White,1985,0.00,0.00,0.00,0.00,0.00,0.00,0.00,0.00,0.00
04,1506,15060103,Upper Salt,1985,0.00,0.00,0.00,0.00,0.00,0.00,0.00,0.00,0.00
04,1506,15060104,Carrizo,1985,0.00,0.00,0.00,0.00,0.00,0.00,0.00,0.00,0.00
04,1506,15060105,Tonto,1985,0.00,0.00,0.00,0.00,0.00,0.00,0.00,0.00,0.00
04,1506,15060106,Lower Salt,1985,789.18,0.00,789.18,542.97,0.00,542.97,--,0.00,--
04,1506,15060201,Big Chino-Williamson Valley,1985,0.00,0.00,0.00,0.00,0.00,0.00,0.00,0.00,0.00
04,1506,15060202,Upper Verde,1985,0.00,0.00,0.00,0.00,0.00,0.00,0.00,0.00,0.00
04,1506,15060203,Lower Verde,1985,70.40,0.00,70.40,40.86,0.00,40.86,--,0.00,--
04,1507,15070101,Lower Gila-Painted Rock Reservoir,1985,0.00,0.00,0.00,0.00,0.00,0.00,0.00,0.00,0.00
04,1507,15070102,Agua Fria,1985,0.00,0.00,0.00,0.00,0.00,0.00,0.00,0.00,0.00
04,1507,15070103,Hassayampa,1985,0.00,0.00,0.00,0.00,0.00,0.00,0.00,0.00,0.00
04,1507,15070104,Centennial Wash,1985,0.00,0.00,0.00,0.00,0.00,0.00,0.00,0.00,0.00
04,1507,15070201,Lower Gila,1985,0.00,0.00,0.00,0.00,0.00,0.00,0.00,0.00,0.00
04,1507,15070202,Tenmile Wash,1985,0.00,0.00,0.00,0.00,0.00,0.00,0.00,0.00,0.00
04,1507,15070203,San Cristobal Wash,1985,0.00,0.00,0.00,0.00,0.00,0.00,0.00,0.00,0.00
04,1508,15080101,San Simon Wash,1985,0.00,0.00,0.00,0.00,0.00,0.00,0.00,0.00,0.00
04,1508,15080102,Rio Sonoyta,1985,0.00,0.00,0.00,0.00,0.00,0.00,0.00,0.00,0.00
04,1508,15080103,Tule Desert,1985,0.00,0.00,0.00,0.00,0.00,0.00,0.00,0.00,0.00
04,1508,15080200,Rio De La Concepcion,1985,0.00,0.00,0.00,0.00,0.00,0.00,0.00,0.00,0.00
04,1508,15080301,Whitewater Draw,1985,0.00,0.00,0.00,0.00,0.00,0.00,0.00,0.00,0.00
04,1508,15080302,San Bernardino Valley,1985,0.00,0.00,0.00,0.00,0.00,0.00,0.00,0.00,0.00
35,1508,15080302,San Bernardino Valley,1985,0.00,0.00,0.00,0.00,0.00,0.00,0.00,0.00,0.00
35,1508,15080303,Cloverdale,1985,0.00,0.00,0.00,0.00,0.00,0.00,0.00,0.00,0.00
08,1401,14010001,Colorado Headwaters,1990,779.52,0.00,779.52,105.56,0.00,105.56,2.00,0.00,2.00
08,1401,14010002,Blue,1990,344.83,0.00,344.83,50.81,0.00,50.81,2.00,0.00,2.00
08,1401,14010003,Eagle,1990,0.00,0.00,0.00,0.00,0.00,0.00,0.00,0.00,0.00
08,1401,14010004,Roaring Fork,1990,0.00,0.00,0.00,0.00,0.00,0.00,0.00,0.00,0.00
08,1401,14010005,Colorado Headwaters-Plateau,1990,716.32,0.00,716.32,53.57,0.00,53.57,4.00,0.00,4.00
49,1401,14010005,Colorado Headwaters-Plateau,1990,0.00,0.00,0.00,0.00,0.00,0.00,0.00,0.00,0.00
08,1401,14010006,Parachute-Roan,1990,0.00,0.00,0.00,0.00,0.00,0.00,0.00,0.00,0.00
08,1402,14020001,East-Taylor,1990,0.00,0.00,0.00,0.00,0.00,0.00,0.00,0.00,0.00
08,1402,14020002,Upper Gunnison,1990,1669.86,0.00,1669.86,475.55,0.00,475.55,3.00,0.00,3.00
08,1402,14020003,Tomichi,1990,0.00,0.00,0.00,0.00,0.00,0.00,0.00,0.00,0.00
08,1402,14020004,North Fork Gunnison,1990,0.00,0.00,0.00,0.00,0.00,0.00,0.00,0.00,0.00
08,1402,14020005,Lower Gunnison,1990,0.00,0.00,0.00,0.00,0.00,0.00,0.00,0.00,0.00
08,1402,14020006,Uncompahgre,1990,0.00,0.00,0.00,0.00,0.00,0.00,0.00,0.00,0.00
08,1403,14030001,Westwater Canyon,1990,0.00,0.00,0.00,0.00,0.00,0.00,0.00,0.00,0.00
49,1403,14030001,Westwater Canyon,1990,0.00,0.00,0.00,0.00,0.00,0.00,0.00,0.00,0.00
08,1403,14030002,Upper Dolores,1990,0.00,0.00,0.00,0.00,0.00,0.00,0.00,0.00,0.00
49,1403,14030002,Upper Dolores,1990,0.00,0.00,0.00,0.00,0.00,0.00,0.00,0.00,0.00
08,1403,14030003,San Miguel,1990,16.09,0.00,16.09,10.03,0.00,10.03,1.00,0.00,1.00
08,1403,14030004,Lower Dolores,1990,0.00,0.00,0.00,0.00,0.00,0.00,0.00,0.00,0.00
49,1403,14030004,Lower Dolores,1990,0.00,0.00,0.00,0.00,0.00,0.00,0.00,0.00,0.00
08,1403,14030005,Upper Colorado-Kane Springs,1990,0.00,0.00,0.00,0.00,0.00,0.00,0.00,0.00,0.00
49,1403,14030005,Upper Colorado-Kane Springs,1990,0.00,0.00,0.00,0.00,0.00,0.00,0.00,0.00,0.00
56,1404,14040101,Upper Green,1990,794.72,0.00,794.72,29.00,0.00,29.00,1.00,0.00,1.00
56,1404,14040102,New Fork,1990,0.00,0.00,0.00,0.00,0.00,0.00,0.00,0.00,0.00
56,1404,14040103,Upper Green-Slate,1990,0.00,0.00,0.00,0.00,0.00,0.00,0.00,0.00,0.00
56,1404,14040104,Big Sandy,1990,0.00,0.00,0.00,0.00,0.00,0.00,0.00,0.00,0.00
56,1404,14040105,Bitter,1990,0.00,0.00,0.00,0.00,0.00,0.00,0.00,0.00,0.00
08,1404,14040106,Upper Green-Flaming Gorge Reservoir,1990,0.00,0.00,0.00,0.00,0.00,0.00,0.00,0.00,0.00
49,1404,14040106,Upper Green-Flaming Gorge Reservoir,1990,698.41,0.00,698.41,251.69,0.00,251.69,1.00,0.00,1.00
56,1404,14040106,Upper Green-Flaming Gorge Reservoir,1990,0.00,0.00,0.00,0.00,0.00,0.00,0.00,0.00,0.00
49,1404,14040107,Blacks Fork,1990,0.00,0.00,0.00,0.00,0.00,0.00,0.00,0.00,0.00
56,1404,14040107,Blacks Fork,1990,0.00,0.00,0.00,0.00,0.00,0.00,0.00,0.00,0.00
49,1404,14040108,Muddy,1990,0.00,0.00,0.00,0.00,0.00,0.00,0.00,0.00,0.00
56,1404,14040108,Muddy,1990,0.00,0.00,0.00,0.00,0.00,0.00,0.00,0.00,0.00
08,1404,14040109,Vermilion,1990,0.00,0.00,0.00,0.00,0.00,0.00,0.00,0.00,0.00
56,1404,14040109,Vermilion,1990,0.00,0.00,0.00,0.00,0.00,0.00,0.00,0.00,0.00
56,1404,14040200,Great Divide Closed Basin,1990,0.00,0.00,0.00,0.00,0.00,0.00,0.00,0.00,0.00
08,1405,14050001,Upper Yampa,1990,0.00,0.00,0.00,0.00,0.00,0.00,0.00,0.00,0.00
08,1405,14050002,Lower Yampa,1990,0.00,0.00,0.00,0.00,0.00,0.00,0.00,0.00,0.00
08,1405,14050003,Little Snake,1990,0.00,0.00,0.00,0.00,0.00,0.00,0.00,0.00,0.00
56,1405,14050003,Little Snake,1990,0.00,0.00,0.00,0.00,0.00,0.00,0.00,0.00,0.00
56,1405,14050004,Muddy,1990,0.00,0.00,0.00,0.00,0.00,0.00,0.00,0.00,0.00
08,1405,14050005,Upper White,1990,0.00,0.00,0.00,0.00,0.00,0.00,0.00,0.00,0.00
08,1405,14050006,Piceance-Yellow,1990,0.00,0.00,0.00,0.00,0.00,0.00,0.00,0.00,0.00
08,1405,14050007,Lower White,1990,0.00,0.00,0.00,0.00,0.00,0.00,0.00,0.00,0.00
49,1405,14050007,Lower White,1990,0.00,0.00,0.00,0.00,0.00,0.00,0.00,0.00,0.00
08,1406,14060001,Lower Green-Diamond,1990,0.00,0.00,0.00,0.00,0.00,0.00,0.00,0.00,0.00
49,1406,14060001,Lower Green-Diamond,1990,0.00,0.00,0.00,0.00,0.00,0.00,0.00,0.00,0.00
49,1406,14060002,Ashley-Brush,1990,0.00,0.00,0.00,0.00,0.00,0.00,0.00,0.00,0.00
49,1406,14060003,Duchesne,1990,2.01,0.00,2.01,10.76,0.00,10.76,2.00,0.00,2.00
49,1406,14060004,Strawberry,1990,0.00,0.00,0.00,0.00,0.00,0.00,0.00,0.00,0.00
49,1406,14060005,Lower Green-Desolation Canyon,1990,0.00,0.00,0.00,0.00,0.00,0.00,0.00,0.00,0.00
49,1406,14060006,Willow,1990,0.00,0.00,0.00,0.00,0.00,0.00,0.00,0.00,0.00
49,1406,14060007,Price,1990,0.00,0.00,0.00,0.00,0.00,0.00,0.00,0.00,0.00
49,1406,14060008,Lower Green,1990,0.00,0.00,0.00,0.00,0.00,0.00,0.00,0.00,0.00
49,1406,14060009,San Rafael,1990,0.00,0.00,0.00,0.00,0.00,0.00,0.00,0.00,0.00
49,1407,14070001,Upper Lake Powell,1990,0.00,0.00,0.00,0.00,0.00,0.00,0.00,0.00,0.00
49,1407,14070002,Muddy,1990,0.00,0.00,0.00,0.00,0.00,0.00,0.00,0.00,0.00
49,1407,14070003,Fremont,1990,0.00,0.00,0.00,0.00,0.00,0.00,0.00,0.00,0.00
49,1407,14070004,Dirty Devil,1990,0.00,0.00,0.00,0.00,0.00,0.00,0.00,0.00,0.00
49,1407,14070005,Escalante,1990,1.19,0.00,1.19,20.11,0.00,20.11,1.00,0.00,1.00
04,1407,14070006,Lower Lake Powell,1990,7892.57,0.00,7892.57,3626.00,0.00,3626.00,1.00,0.00,1.00
49,1407,14070006,Lower Lake Powell,1990,0.00,0.00,0.00,0.00,0.00,0.00,0.00,0.00,0.00
04,1407,14070007,Paria,1990,0.00,0.00,0.00,0.00,0.00,0.00,0.00,0.00,0.00
49,1407,14070007,Paria,1990,0.00,0.00,0.00,0.00,0.00,0.00,0.00,0.00,0.00
08,1408,14080101,Upper San Juan,1990,0.00,0.00,0.00,0.00,0.00,0.00,0.00,0.00,0.00
35,1408,14080101,Upper San Juan,1990,391.02,0.00,391.02,111.57,0.00,111.57,1.00,0.00,1.00
08,1408,14080102,Piedra,1990,0.00,0.00,0.00,0.00,0.00,0.00,0.00,0.00,0.00
35,1408,14080103,Blanco Canyon,1990,0.00,0.00,0.00,0.00,0.00,0.00,0.00,0.00,0.00
08,1408,14080104,Animas,1990,27.79,0.00,27.79,19.97,0.00,19.97,1.00,0.00,1.00
35,1408,14080104,Animas,1990,10.17,0.00,10.17,0.11,0.00,0.11,1.00,0.00,1.00
04,1408,14080105,Middle San Juan,1990,0.00,0.00,0.00,0.00,0.00,0.00,0.00,0.00,0.00
08,1408,14080105,Middle San Juan,1990,0.00,0.00,0.00,0.00,0.00,0.00,0.00,0.00,0.00
35,1408,14080105,Middle San Juan,1990,0.00,0.00,0.00,0.00,0.00,0.00,0.00,0.00,0.00
04,1408,14080106,Chaco,1990,0.00,0.00,0.00,0.00,0.00,0.00,0.00,0.00,0.00
35,1408,14080106,Chaco,1990,0.00,0.00,0.00,0.00,0.00,0.00,0.00,0.00,0.00
08,1408,14080107,Mancos,1990,0.00,0.00,0.00,0.00,0.00,0.00,0.00,0.00,0.00
35,1408,14080107,Mancos,1990,0.00,0.00,0.00,0.00,0.00,0.00,0.00,0.00,0.00
04,1408,14080201,Lower San Juan-Four Corners,1990,0.00,0.00,0.00,0.00,0.00,0.00,0.00,0.00,0.00
08,1408,14080201,Lower San Juan-Four Corners,1990,0.00,0.00,0.00,0.00,0.00,0.00,0.00,0.00,0.00
35,1408,14080201,Lower San Juan-Four Corners,1990,0.00,0.00,0.00,0.00,0.00,0.00,0.00,0.00,0.00
49,1408,14080201,Lower San Juan-Four Corners,1990,0.00,0.00,0.00,0.00,0.00,0.00,0.00,0.00,0.00
08,1408,14080202,Mcelmo,1990,0.00,0.00,0.00,0.00,0.00,0.00,0.00,0.00,0.00
49,1408,14080202,Mcelmo,1990,0.00,0.00,0.00,0.00,0.00,0.00,0.00,0.00,0.00
08,1408,14080203,Montezuma,1990,0.00,0.00,0.00,0.00,0.00,0.00,0.00,0.00,0.00
49,1408,14080203,Montezuma,1990,0.00,0.00,0.00,0.00,0.00,0.00,0.00,0.00,0.00
04,1408,14080204,Chinle,1990,0.00,0.00,0.00,0.00,0.00,0.00,0.00,0.00,0.00
35,1408,14080204,Chinle,1990,0.00,0.00,0.00,0.00,0.00,0.00,0.00,0.00,0.00
49,1408,14080204,Chinle,1990,0.00,0.00,0.00,0.00,0.00,0.00,0.00,0.00,0.00
04,1408,14080205,Lower San Juan,1990,0.00,0.00,0.00,0.00,0.00,0.00,0.00,0.00,0.00
49,1408,14080205,Lower San Juan,1990,0.00,0.00,0.00,0.00,0.00,0.00,0.00,0.00,0.00
04,1501,15010001,Lower Colorado-Marble Canyon,1990,0.00,0.00,0.00,0.00,0.00,0.00,0.00,0.00,0.00
04,1501,15010002,Grand Canyon,1990,0.00,0.00,0.00,0.00,0.00,0.00,0.00,0.00,0.00
04,1501,15010003,Kanab,1990,0.00,0.00,0.00,0.00,0.00,0.00,0.00,0.00,0.00
49,1501,15010003,Kanab,1990,0.00,0.00,0.00,0.00,0.00,0.00,0.00,0.00,0.00
04,1501,15010004,Havasu Canyon,1990,0.00,0.00,0.00,0.00,0.00,0.00,0.00,0.00,0.00
04,1501,15010005,Lake Mead,1990,0.00,0.00,0.00,0.00,0.00,0.00,0.00,0.00,0.00
32,1501,15010005,Lake Mead,1990,3437.17,0.00,3437.17,1597.26,0.00,1597.26,1.00,0.00,1.00
04,1501,15010006,Grand Wash,1990,0.00,0.00,0.00,0.00,0.00,0.00,0.00,0.00,0.00
32,1501,15010006,Grand Wash,1990,0.00,0.00,0.00,0.00,0.00,0.00,0.00,0.00,0.00
04,1501,15010007,Hualapai Wash,1990,0.00,0.00,0.00,0.00,0.00,0.00,0.00,0.00,0.00
49,1501,15010008,Upper Virgin,1990,8.95,0.00,8.95,1.64,0.00,1.64,4.00,0.00,4.00
04,1501,15010009,Fort Pearce Wash,1990,0.00,0.00,0.00,0.00,0.00,0.00,0.00,0.00,0.00
49,1501,15010009,Fort Pearce Wash,1990,0.00,0.00,0.00,0.00,0.00,0.00,0.00,0.00,0.00
04,1501,15010010,Lower Virgin,1990,0.00,0.00,0.00,0.00,0.00,0.00,0.00,0.00,0.00
32,1501,15010010,Lower Virgin,1990,0.00,0.00,0.00,0.00,0.00,0.00,0.00,0.00,0.00
49,1501,15010010,Lower Virgin,1990,0.00,0.00,0.00,0.00,0.00,0.00,0.00,0.00,0.00
32,1501,15010011,White,1990,0.00,0.00,0.00,0.00,0.00,0.00,0.00,0.00,0.00
32,1501,15010012,Muddy,1990,0.00,0.00,0.00,0.00,0.00,0.00,0.00,0.00,0.00
32,1501,15010013,Meadow Valley Wash,1990,0.00,0.00,0.00,0.00,0.00,0.00,0.00,0.00,0.00
49,1501,15010013,Meadow Valley Wash,1990,0.00,0.00,0.00,0.00,0.00,0.00,0.00,0.00,0.00
04,1501,15010014,Detrital Wash,1990,0.00,0.00,0.00,0.00,0.00,0.00,0.00,0.00,0.00
32,1501,15010015,Las Vegas Wash,1990,0.00,0.00,0.00,0.00,0.00,0.00,0.00,0.00,0.00
04,1502,15020001,Little Colorado Headwaters,1990,0.00,0.00,0.00,0.00,0.00,0.00,0.00,0.00,0.00
35,1502,15020001,Little Colorado Headwaters,1990,0.00,0.00,0.00,0.00,0.00,0.00,0.00,0.00,0.00
04,1502,15020002,Upper Little Colorado,1990,0.00,0.00,0.00,0.00,0.00,0.00,0.00,0.00,0.00
35,1502,15020002,Upper Little Colorado,1990,0.00,0.00,0.00,0.00,0.00,0.00,0.00,0.00,0.00
04,1502,15020003,Carrizo Wash,1990,0.00,0.00,0.00,0.00,0.00,0.00,0.00,0.00,0.00
35,1502,15020003,Carrizo Wash,1990,0.00,0.00,0.00,0.00,0.00,0.00,0.00,0.00,0.00
04,1502,15020004,Zuni,1990,0.00,0.00,0.00,0.00,0.00,0.00,0.00,0.00,0.00
35,1502,15020004,Zuni,1990,0.00,0.00,0.00,0.00,0.00,0.00,0.00,0.00,0.00
04,1502,15020005,Silver,1990,0.00,0.00,0.00,0.00,0.00,0.00,0.00,0.00,0.00
04,1502,15020006,Upper Puerco,1990,0.00,0.00,0.00,0.00,0.00,0.00,0.00,0.00,0.00
35,1502,15020006,Upper Puerco,1990,0.00,0.00,0.00,0.00,0.00,0.00,0.00,0.00,0.00
04,1502,15020007,Lower Puerco,1990,0.00,0.00,0.00,0.00,0.00,0.00,0.00,0.00,0.00
04,1502,15020008,Middle Little Colorado,1990,0.00,0.00,0.00,0.00,0.00,0.00,0.00,0.00,0.00
04,1502,15020009,Leroux Wash,1990,0.00,0.00,0.00,0.00,0.00,0.00,0.00,0.00,0.00
04,1502,15020010,Chevelon Canyon,1990,0.00,0.00,0.00,0.00,0.00,0.00,0.00,0.00,0.00
04,1502,15020011,Cottonwood Wash,1990,0.00,0.00,0.00,0.00,0.00,0.00,0.00,0.00,0.00
04,1502,15020012,Corn-Oraibi,1990,0.00,0.00,0.00,0.00,0.00,0.00,0.00,0.00,0.00
04,1502,15020013,Polacca Wash,1990,0.00,0.00,0.00,0.00,0.00,0.00,0.00,0.00,0.00
04,1502,15020014,Jadito Wash,1990,0.00,0.00,0.00,0.00,0.00,0.00,0.00,0.00,0.00
04,1502,15020015,Canyon Diablo,1990,0.00,0.00,0.00,0.00,0.00,0.00,0.00,0.00,0.00
04,1502,15020016,Lower Little Colorado,1990,0.00,0.00,0.00,0.00,0.00,0.00,0.00,0.00,0.00
04,1502,15020017,Dinnebito Wash,1990,0.00,0.00,0.00,0.00,0.00,0.00,0.00,0.00,0.00
04,1502,15020018,Moenkopi Wash,1990,0.00,0.00,0.00,0.00,0.00,0.00,0.00,0.00,0.00
04,1503,15030101,Havasu-Mohave Lake,1990,25510.96,0.00,25510.96,4176.49,0.00,4176.49,3.00,0.00,3.00
06,1503,15030101,Havasu-Mohave Lake,1990,0.00,0.00,0.00,0.00,0.00,0.00,0.00,0.00,0.00
32,1503,15030101,Havasu-Mohave Lake,1990,0.00,0.00,0.00,0.00,0.00,0.00,0.00,0.00,0.00
06,1503,15030102,Piute Wash,1990,0.00,0.00,0.00,0.00,0.00,0.00,0.00,0.00,0.00
32,1503,15030102,Piute Wash,1990,0.00,0.00,0.00,0.00,0.00,0.00,0.00,0.00,0.00
04,1503,15030103,Sacramento Wash,1990,0.00,0.00,0.00,0.00,0.00,0.00,0.00,0.00,0.00
04,1503,15030104,Imperial Reservoir,1990,0.00,0.00,0.00,0.00,0.00,0.00,0.00,0.00,0.00
06,1503,15030104,Imperial Reservoir,1990,7127.22,0.00,7127.22,474.23,0.00,474.23,1.00,0.00,1.00
04,1503,15030105,Bouse Wash,1990,0.00,0.00,0.00,0.00,0.00,0.00,0.00,0.00,0.00
04,1503,15030106,Tyson Wash,1990,0.00,0.00,0.00,0.00,0.00,0.00,0.00,0.00,0.00
04,1503,15030107,Lower Colorado,1990,0.47,0.00,0.47,0.00,0.00,0.00,1.00,0.00,1.00
06,1503,15030107,Lower Colorado,1990,565.30,0.00,565.30,15.56,0.00,15.56,1.00,0.00,1.00
04,1503,15030108,Yuma Desert,1990,0.00,0.00,0.00,0.00,0.00,0.00,0.00,0.00,0.00
04,1503,15030201,Big Sandy,1990,0.00,0.00,0.00,0.00,0.00,0.00,0.00,0.00,0.00
04,1503,15030202,Burro,1990,0.00,0.00,0.00,0.00,0.00,0.00,0.00,0.00,0.00
04,1503,15030203,Santa Maria,1990,0.00,0.00,0.00,0.00,0.00,0.00,0.00,0.00,0.00
04,1503,15030204,Bill Williams,1990,0.00,0.00,0.00,0.00,0.00,0.00,0.00,0.00,0.00
35,1504,15040001,Upper Gila,1990,0.00,0.00,0.00,0.00,0.00,0.00,0.00,0.00,0.00
04,1504,15040002,Upper Gila-Mangas,1990,0.00,0.00,0.00,0.00,0.00,0.00,0.00,0.00,0.00
35,1504,15040002,Upper Gila-Mangas,1990,0.00,0.00,0.00,0.00,0.00,0.00,0.00,0.00,0.00
04,1504,15040003,Animas Valley,1990,0.00,0.00,0.00,0.00,0.00,0.00,0.00,0.00,0.00
35,1504,15040003,Animas Valley,1990,0.00,0.00,0.00,0.00,0.00,0.00,0.00,0.00,0.00
04,1504,15040004,San Francisco,1990,0.00,0.00,0.00,0.00,0.00,0.00,0.00,0.00,0.00
35,1504,15040004,San Francisco,1990,0.00,0.00,0.00,0.00,0.00,0.00,0.00,0.00,0.00
04,1504,15040005,Upper Gila-San Carlos Reservoir,1990,0.00,0.00,0.00,0.00,0.00,0.00,0.00,0.00,0.00
04,1504,15040006,San Simon,1990,0.00,0.00,0.00,0.00,0.00,0.00,0.00,0.00,0.00
35,1504,15040006,San Simon,1990,0.00,0.00,0.00,0.00,0.00,0.00,0.00,0.00,0.00
04,1504,15040007,San Carlos,1990,0.00,0.00,0.00,0.00,0.00,0.00,0.00,0.00,0.00
04,1505,15050100,Middle Gila,1990,0.00,0.00,0.00,0.00,0.00,0.00,0.00,0.00,0.00
04,1505,15050201,Willcox Playa,1990,0.00,0.00,0.00,0.00,0.00,0.00,0.00,0.00,0.00
04,1505,15050202,Upper San Pedro,1990,0.00,0.00,0.00,0.00,0.00,0.00,0.00,0.00,0.00
04,1505,15050203,Lower San Pedro,1990,0.00,0.00,0.00,0.00,0.00,0.00,0.00,0.00,0.00
04,1505,15050301,Upper Santa Cruz,1990,0.00,0.00,0.00,0.00,0.00,0.00,0.00,0.00,0.00
04,1505,15050302,Rillito,1990,0.00,0.00,0.00,0.00,0.00,0.00,0.00,0.00,0.00
04,1505,15050303,Lower Santa Cruz,1990,0.00,0.00,0.00,0.00,0.00,0.00,0.00,0.00,0.00
04,1505,15050304,Brawley Wash,1990,0.00,0.00,0.00,0.00,0.00,0.00,0.00,0.00,0.00
04,1505,15050305,Aguirre Valley,1990,0.00,0.00,0.00,0.00,0.00,0.00,0.00,0.00,0.00
04,1505,15050306,Santa Rosa Wash,1990,0.00,0.00,0.00,0.00,0.00,0.00,0.00,0.00,0.00
04,1506,15060101,Black,1990,0.00,0.00,0.00,0.00,0.00,0.00,0.00,0.00,0.00
04,1506,15060102,White,1990,0.00,0.00,0.00,0.00,0.00,0.00,0.00,0.00,0.00
04,1506,15060103,Upper Salt,1990,0.00,0.00,0.00,0.00,0.00,0.00,0.00,0.00,0.00
04,1506,15060104,Carrizo,1990,0.00,0.00,0.00,0.00,0.00,0.00,0.00,0.00,0.00
04,1506,15060105,Tonto,1990,0.00,0.00,0.00,0.00,0.00,0.00,0.00,0.00,0.00
04,1506,15060106,Lower Salt,1990,2204.81,0.00,2204.81,328.95,0.00,328.95,8.00,0.00,8.00
04,1506,15060201,Big Chino-Williamson Valley,1990,0.00,0.00,0.00,0.00,0.00,0.00,0.00,0.00,0.00
04,1506,15060202,Upper Verde,1990,0.00,0.00,0.00,0.00,0.00,0.00,0.00,0.00,0.00
04,1506,15060203,Lower Verde,1990,39.99,0.00,39.99,48.18,0.00,48.18,4.00,0.00,4.00
04,1507,15070101,Lower Gila-Painted Rock Reservoir,1990,0.00,0.00,0.00,0.00,0.00,0.00,0.00,0.00,0.00
04,1507,15070102,Agua Fria,1990,0.00,0.00,0.00,0.00,0.00,0.00,0.00,0.00,0.00
04,1507,15070103,Hassayampa,1990,0.00,0.00,0.00,0.00,0.00,0.00,0.00,0.00,0.00
04,1507,15070104,Centennial Wash,1990,0.00,0.00,0.00,0.00,0.00,0.00,0.00,0.00,0.00
04,1507,15070201,Lower Gila,1990,0.00,0.00,0.00,0.00,0.00,0.00,0.00,0.00,0.00
04,1507,15070202,Tenmile Wash,1990,0.00,0.00,0.00,0.00,0.00,0.00,0.00,0.00,0.00
04,1507,15070203,San Cristobal Wash,1990,0.00,0.00,0.00,0.00,0.00,0.00,0.00,0.00,0.00
04,1508,15080101,San Simon Wash,1990,0.00,0.00,0.00,0.00,0.00,0.00,0.00,0.00,0.00
04,1508,15080102,Rio Sonoyta,1990,0.00,0.00,0.00,0.00,0.00,0.00,0.00,0.00,0.00
04,1508,15080103,Tule Desert,1990,0.00,0.00,0.00,0.00,0.00,0.00,0.00,0.00,0.00
04,1508,15080200,Rio De La Concepcion,1990,0.00,0.00,0.00,0.00,0.00,0.00,0.00,0.00,0.00
04,1508,15080301,Whitewater Draw,1990,0.00,0.00,0.00,0.00,0.00,0.00,0.00,0.00,0.00
04,1508,15080302,San Bernardino Valley,1990,0.00,0.00,0.00,0.00,0.00,0.00,0.00,0.00,0.00
35,1508,15080302,San Bernardino Valley,1990,0.00,0.00,0.00,0.00,0.00,0.00,0.00,0.00,0.00
35,1508,15080303,Cloverdale,1990,0.00,0.00,0.00,0.00,0.00,0.00,0.00,0.00,0.00
08,1401,14010001,Colorado Headwaters,1995,910.39,0.00,910.39,124.46,0.00,124.46,2.00,0.00,2.00
08,1401,14010002,Blue,1995,386.89,0.00,386.89,77.42,0.00,77.42,2.00,0.00,2.00
08,1401,14010003,Eagle,1995,0.00,0.00,0.00,0.00,0.00,0.00,0.00,0.00,0.00
08,1401,14010004,Roaring Fork,1995,0.00,0.00,0.00,0.00,0.00,0.00,0.00,0.00,0.00
08,1401,14010005,Colorado Headwaters-Plateau,1995,352.02,498.55,850.57,71.98,11.94,83.92,3.00,1.00,4.00
49,1401,14010005,Colorado Headwaters-Plateau,1995,0.00,0.00,0.00,0.00,0.00,0.00,0.00,0.00,0.00
08,1401,14010006,Parachute-Roan,1995,0.00,0.00,0.00,0.00,0.00,0.00,0.00,0.00,0.00
08,1402,14020001,East-Taylor,1995,0.00,0.00,0.00,0.00,0.00,0.00,0.00,0.00,0.00
08,1402,14020002,Upper Gunnison,1995,4131.17,0.00,4131.17,1205.04,0.00,1205.04,3.00,0.00,3.00
08,1402,14020003,Tomichi,1995,0.00,0.00,0.00,0.00,0.00,0.00,0.00,0.00,0.00
08,1402,14020004,North Fork Gunnison,1995,0.00,0.00,0.00,0.00,0.00,0.00,0.00,0.00,0.00
08,1402,14020005,Lower Gunnison,1995,0.00,0.00,0.00,0.00,0.00,0.00,0.00,0.00,0.00
08,1402,14020006,Uncompahgre,1995,0.00,0.00,0.00,0.00,0.00,0.00,0.00,0.00,0.00
08,1403,14030001,Westwater Canyon,1995,0.00,0.00,0.00,0.00,0.00,0.00,0.00,0.00,0.00
49,1403,14030001,Westwater Canyon,1995,0.00,0.00,0.00,0.00,0.00,0.00,0.00,0.00,0.00
08,1403,14030002,Upper Dolores,1995,31.93,0.00,31.93,13.07,0.00,13.07,1.00,0.00,1.00
49,1403,14030002,Upper Dolores,1995,0.00,0.00,0.00,0.00,0.00,0.00,0.00,0.00,0.00
08,1403,14030003,San Miguel,1995,26.32,0.00,26.32,16.41,0.00,16.41,1.00,0.00,1.00
08,1403,14030004,Lower Dolores,1995,0.00,0.00,0.00,0.00,0.00,0.00,0.00,0.00,0.00
49,1403,14030004,Lower Dolores,1995,0.00,0.00,0.00,0.00,0.00,0.00,0.00,0.00,0.00
08,1403,14030005,Upper Colorado-Kane Springs,1995,0.00,0.00,0.00,0.00,0.00,0.00,0.00,0.00,0.00
49,1403,14030005,Upper Colorado-Kane Springs,1995,0.00,0.00,0.00,0.00,0.00,0.00,0.00,0.00,0.00
56,1404,14040101,Upper Green,1995,810.44,0.00,810.44,62.06,0.00,62.06,0.00,0.00,0.00
56,1404,14040102,New Fork,1995,0.00,0.00,0.00,0.00,0.00,0.00,0.00,0.00,0.00
56,1404,14040103,Upper Green-Slate,1995,0.00,0.00,0.00,0.00,0.00,0.00,0.00,0.00,0.00
56,1404,14040104,Big Sandy,1995,0.00,0.00,0.00,0.00,0.00,0.00,0.00,0.00,0.00
56,1404,14040105,Bitter,1995,0.00,0.00,0.00,0.00,0.00,0.00,0.00,0.00,0.00
08,1404,14040106,Upper Green-Flaming Gorge Reservoir,1995,0.00,0.00,0.00,0.00,0.00,0.00,0.00,0.00,0.00
49,1404,14040106,Upper Green-Flaming Gorge Reservoir,1995,1300.26,0.00,1300.26,484.29,0.00,484.29,1.00,0.00,1.00
56,1404,14040106,Upper Green-Flaming Gorge Reservoir,1995,0.00,0.00,0.00,0.00,0.00,0.00,0.00,0.00,0.00
49,1404,14040107,Blacks Fork,1995,0.00,0.00,0.00,0.00,0.00,0.00,0.00,0.00,0.00
56,1404,14040107,Blacks Fork,1995,0.00,0.00,0.00,0.00,0.00,0.00,0.00,0.00,0.00
49,1404,14040108,Muddy,1995,0.00,0.00,0.00,0.00,0.00,0.00,0.00,0.00,0.00
56,1404,14040108,Muddy,1995,0.00,0.00,0.00,0.00,0.00,0.00,0.00,0.00,0.00
08,1404,14040109,Vermilion,1995,0.00,0.00,0.00,0.00,0.00,0.00,0.00,0.00,0.00
56,1404,14040109,Vermilion,1995,0.00,0.00,0.00,0.00,0.00,0.00,0.00,0.00,0.00
56,1404,14040200,Great Divide Closed Basin,1995,0.00,0.00,0.00,0.00,0.00,0.00,0.00,0.00,0.00
08,1405,14050001,Upper Yampa,1995,0.00,0.00,0.00,0.00,0.00,0.00,0.00,0.00,0.00
08,1405,14050002,Lower Yampa,1995,0.00,0.00,0.00,0.00,0.00,0.00,0.00,0.00,0.00
08,1405,14050003,Little Snake,1995,0.00,0.00,0.00,0.00,0.00,0.00,0.00,0.00,0.00
56,1405,14050003,Little Snake,1995,0.00,0.00,0.00,0.00,0.00,0.00,0.00,0.00,0.00
56,1405,14050004,Muddy,1995,0.00,0.00,0.00,0.00,0.00,0.00,0.00,0.00,0.00
08,1405,14050005,Upper White,1995,0.00,0.00,0.00,0.00,0.00,0.00,0.00,0.00,0.00
08,1405,14050006,Piceance-Yellow,1995,0.00,0.00,0.00,0.00,0.00,0.00,0.00,0.00,0.00
08,1405,14050007,Lower White,1995,0.00,0.00,0.00,0.00,0.00,0.00,0.00,0.00,0.00
49,1405,14050007,Lower White,1995,0.00,0.00,0.00,0.00,0.00,0.00,0.00,0.00,0.00
08,1406,14060001,Lower Green-Diamond,1995,0.00,0.00,0.00,0.00,0.00,0.00,0.00,0.00,0.00
49,1406,14060001,Lower Green-Diamond,1995,0.00,0.00,0.00,0.00,0.00,0.00,0.00,0.00,0.00
49,1406,14060002,Ashley-Brush,1995,0.00,0.00,0.00,0.00,0.00,0.00,0.00,0.00,0.00
49,1406,14060003,Duchesne,1995,45.83,0.00,45.83,11.94,0.00,11.94,2.00,0.00,2.00
49,1406,14060004,Strawberry,1995,0.00,0.00,0.00,0.00,0.00,0.00,0.00,0.00,0.00
49,1406,14060005,Lower Green-Desolation Canyon,1995,0.00,0.00,0.00,0.00,0.00,0.00,0.00,0.00,0.00
49,1406,14060006,Willow,1995,0.00,0.00,0.00,0.00,0.00,0.00,0.00,0.00,0.00
49,1406,14060007,Price,1995,0.00,0.00,0.00,0.00,0.00,0.00,0.00,0.00,0.00
49,1406,14060008,Lower Green,1995,0.00,0.00,0.00,0.00,0.00,0.00,0.00,0.00,0.00
49,1406,14060009,San Rafael,1995,0.00,0.00,0.00,0.00,0.00,0.00,0.00,0.00,0.00
49,1407,14070001,Upper Lake Powell,1995,0.00,0.00,0.00,0.00,0.00,0.00,0.00,0.00,0.00
49,1407,14070002,Muddy,1995,0.00,0.00,0.00,0.00,0.00,0.00,0.00,0.00,0.00
49,1407,14070003,Fremont,1995,0.00,0.00,0.00,0.00,0.00,0.00,0.00,0.00,0.00
49,1407,14070004,Dirty Devil,1995,0.00,0.00,0.00,0.00,0.00,0.00,0.00,0.00,0.00
49,1407,14070005,Escalante,1995,35.03,0.00,35.03,30.50,0.00,30.50,2.00,0.00,2.00
04,1407,14070006,Lower Lake Powell,1995,10285.11,0.00,10285.11,4959.40,0.00,4959.40,1.00,0.00,1.00
49,1407,14070006,Lower Lake Powell,1995,0.00,0.00,0.00,0.00,0.00,0.00,0.00,0.00,0.00
04,1407,14070007,Paria,1995,0.00,0.00,0.00,0.00,0.00,0.00,0.00,0.00,0.00
49,1407,14070007,Paria,1995,0.00,0.00,0.00,0.00,0.00,0.00,0.00,0.00,0.00
08,1408,14080101,Upper San Juan,1995,0.00,0.00,0.00,0.00,0.00,0.00,0.00,0.00,0.00
35,1408,14080101,Upper San Juan,1995,1164.23,0.00,1164.23,121.25,0.00,121.25,1.00,0.00,1.00
08,1408,14080102,Piedra,1995,0.00,0.00,0.00,0.00,0.00,0.00,0.00,0.00,0.00
35,1408,14080103,Blanco Canyon,1995,0.00,0.00,0.00,0.00,0.00,0.00,0.00,0.00,0.00
08,1408,14080104,Animas,1995,43.07,0.00,43.07,30.95,0.00,30.95,1.00,0.00,1.00
35,1408,14080104,Animas,1995,23.32,0.00,23.32,0.09,0.00,0.09,1.00,0.00,1.00
04,1408,14080105,Middle San Juan,1995,0.00,0.00,0.00,0.00,0.00,0.00,0.00,0.00,0.00
08,1408,14080105,Middle San Juan,1995,0.00,0.00,0.00,0.00,0.00,0.00,0.00,0.00,0.00
35,1408,14080105,Middle San Juan,1995,0.00,0.00,0.00,0.00,0.00,0.00,0.00,0.00,0.00
04,1408,14080106,Chaco,1995,0.00,0.00,0.00,0.00,0.00,0.00,0.00,0.00,0.00
35,1408,14080106,Chaco,1995,0.00,0.00,0.00,0.00,0.00,0.00,0.00,0.00,0.00
08,1408,14080107,Mancos,1995,0.00,0.00,0.00,0.00,0.00,0.00,0.00,0.00,0.00
35,1408,14080107,Mancos,1995,0.00,0.00,0.00,0.00,0.00,0.00,0.00,0.00,0.00
04,1408,14080201,Lower San Juan-Four Corners,1995,0.00,0.00,0.00,0.00,0.00,0.00,0.00,0.00,0.00
08,1408,14080201,Lower San Juan-Four Corners,1995,0.00,0.00,0.00,0.00,0.00,0.00,0.00,0.00,0.00
35,1408,14080201,Lower San Juan-Four Corners,1995,0.00,0.00,0.00,0.00,0.00,0.00,0.00,0.00,0.00
49,1408,14080201,Lower San Juan-Four Corners,1995,0.00,0.00,0.00,0.00,0.00,0.00,0.00,0.00,0.00
08,1408,14080202,Mcelmo,1995,0.00,0.00,0.00,0.00,0.00,0.00,0.00,0.00,0.00
49,1408,14080202,Mcelmo,1995,0.00,0.00,0.00,0.00,0.00,0.00,0.00,0.00,0.00
08,1408,14080203,Montezuma,1995,0.00,0.00,0.00,0.00,0.00,0.00,0.00,0.00,0.00
49,1408,14080203,Montezuma,1995,0.00,0.00,0.00,0.00,0.00,0.00,0.00,0.00,0.00
04,1408,14080204,Chinle,1995,0.00,0.00,0.00,0.00,0.00,0.00,0.00,0.00,0.00
35,1408,14080204,Chinle,1995,0.00,0.00,0.00,0.00,0.00,0.00,0.00,0.00,0.00
49,1408,14080204,Chinle,1995,0.00,0.00,0.00,0.00,0.00,0.00,0.00,0.00,0.00
04,1408,14080205,Lower San Juan,1995,0.00,0.00,0.00,0.00,0.00,0.00,0.00,0.00,0.00
49,1408,14080205,Lower San Juan,1995,0.00,0.00,0.00,0.00,0.00,0.00,0.00,0.00,0.00
04,1501,15010001,Lower Colorado-Marble Canyon,1995,0.00,0.00,0.00,0.00,0.00,0.00,0.00,0.00,0.00
04,1501,15010002,Grand Canyon,1995,0.00,0.00,0.00,0.00,0.00,0.00,0.00,0.00,0.00
04,1501,15010003,Kanab,1995,0.00,0.00,0.00,0.00,0.00,0.00,0.00,0.00,0.00
49,1501,15010003,Kanab,1995,0.00,0.00,0.00,0.00,0.00,0.00,0.00,0.00,0.00
04,1501,15010004,Havasu Canyon,1995,0.00,0.00,0.00,0.00,0.00,0.00,0.00,0.00,0.00
04,1501,15010005,Lake Mead,1995,5374.02,0.00,5374.02,1994.59,0.00,1994.59,1.00,0.00,1.00
32,1501,15010005,Lake Mead,1995,5057.95,0.00,5057.95,1877.28,0.00,1877.28,1.00,0.00,1.00
04,1501,15010006,Grand Wash,1995,0.00,0.00,0.00,0.00,0.00,0.00,0.00,0.00,0.00
32,1501,15010006,Grand Wash,1995,0.00,0.00,0.00,0.00,0.00,0.00,0.00,0.00,0.00
04,1501,15010007,Hualapai Wash,1995,0.00,0.00,0.00,0.00,0.00,0.00,0.00,0.00,0.00
49,1501,15010008,Upper Virgin,1995,54.95,0.00,54.95,8.56,0.00,8.56,5.00,0.00,5.00
04,1501,15010009,Fort Pearce Wash,1995,0.00,0.00,0.00,0.00,0.00,0.00,0.00,0.00,0.00
49,1501,15010009,Fort Pearce Wash,1995,0.00,0.00,0.00,0.00,0.00,0.00,0.00,0.00,0.00
04,1501,15010010,Lower Virgin,1995,0.00,0.00,0.00,0.00,0.00,0.00,0.00,0.00,0.00
32,1501,15010010,Lower Virgin,1995,0.00,0.00,0.00,0.00,0.00,0.00,0.00,0.00,0.00
49,1501,15010010,Lower Virgin,1995,0.00,0.00,0.00,0.00,0.00,0.00,0.00,0.00,0.00
32,1501,15010011,White,1995,0.00,0.00,0.00,0.00,0.00,0.00,0.00,0.00,0.00
32,1501,15010012,Muddy,1995,0.00,0.00,0.00,0.00,0.00,0.00,0.00,0.00,0.00
32,1501,15010013,Meadow Valley Wash,1995,0.00,0.00,0.00,0.00,0.00,0.00,0.00,0.00,0.00
49,1501,15010013,Meadow Valley Wash,1995,0.00,0.00,0.00,0.00,0.00,0.00,0.00,0.00,0.00
04,1501,15010014,Detrital Wash,1995,0.00,0.00,0.00,0.00,0.00,0.00,0.00,0.00,0.00
32,1501,15010015,Las Vegas Wash,1995,0.00,0.00,0.00,0.00,0.00,0.00,0.00,0.00,0.00
04,1502,15020001,Little Colorado Headwaters,1995,0.00,0.00,0.00,0.00,0.00,0.00,0.00,0.00,0.00
35,1502,15020001,Little Colorado Headwaters,1995,0.00,0.00,0.00,0.00,0.00,0.00,0.00,0.00,0.00
04,1502,15020002,Upper Little Colorado,1995,0.00,0.00,0.00,0.00,0.00,0.00,0.00,0.00,0.00
35,1502,15020002,Upper Little Colorado,1995,0.00,0.00,0.00,0.00,0.00,0.00,0.00,0.00,0.00
04,1502,15020003,Carrizo Wash,1995,0.00,0.00,0.00,0.00,0.00,0.00,0.00,0.00,0.00
35,1502,15020003,Carrizo Wash,1995,0.00,0.00,0.00,0.00,0.00,0.00,0.00,0.00,0.00
04,1502,15020004,Zuni,1995,0.00,0.00,0.00,0.00,0.00,0.00,0.00,0.00,0.00
35,1502,15020004,Zuni,1995,0.00,0.00,0.00,0.00,0.00,0.00,0.00,0.00,0.00
04,1502,15020005,Silver,1995,0.00,0.00,0.00,0.00,0.00,0.00,0.00,0.00,0.00
04,1502,15020006,Upper Puerco,1995,0.00,0.00,0.00,0.00,0.00,0.00,0.00,0.00,0.00
35,1502,15020006,Upper Puerco,1995,0.00,0.00,0.00,0.00,0.00,0.00,0.00,0.00,0.00
04,1502,15020007,Lower Puerco,1995,0.00,0.00,0.00,0.00,0.00,0.00,0.00,0.00,0.00
04,1502,15020008,Middle Little Colorado,1995,0.00,0.00,0.00,0.00,0.00,0.00,0.00,0.00,0.00
04,1502,15020009,Leroux Wash,1995,0.00,0.00,0.00,0.00,0.00,0.00,0.00,0.00,0.00
04,1502,15020010,Chevelon Canyon,1995,0.00,0.00,0.00,0.00,0.00,0.00,0.00,0.00,0.00
04,1502,15020011,Cottonwood Wash,1995,0.00,0.00,0.00,0.00,0.00,0.00,0.00,0.00,0.00
04,1502,15020012,Corn-Oraibi,1995,0.00,0.00,0.00,0.00,0.00,0.00,0.00,0.00,0.00
04,1502,15020013,Polacca Wash,1995,0.00,0.00,0.00,0.00,0.00,0.00,0.00,0.00,0.00
04,1502,15020014,Jadito Wash,1995,0.00,0.00,0.00,0.00,0.00,0.00,0.00,0.00,0.00
04,1502,15020015,Canyon Diablo,1995,0.00,0.00,0.00,0.00,0.00,0.00,0.00,0.00,0.00
04,1502,15020016,Lower Little Colorado,1995,0.00,0.00,0.00,0.00,0.00,0.00,0.00,0.00,0.00
04,1502,15020017,Dinnebito Wash,1995,0.00,0.00,0.00,0.00,0.00,0.00,0.00,0.00,0.00
04,1502,15020018,Moenkopi Wash,1995,0.00,0.00,0.00,0.00,0.00,0.00,0.00,0.00,0.00
04,1503,15030101,Havasu-Mohave Lake,1995,4925.26,0.00,4925.26,518.71,0.00,518.71,1.00,0.00,1.00
06,1503,15030101,Havasu-Mohave Lake,1995,0.00,0.00,0.00,0.00,0.00,0.00,0.00,0.00,0.00
32,1503,15030101,Havasu-Mohave Lake,1995,581.47,0.00,581.47,4393.63,0.00,4393.63,1.00,0.00,1.00
06,1503,15030102,Piute Wash,1995,0.00,0.00,0.00,0.00,0.00,0.00,0.00,0.00,0.00
32,1503,15030102,Piute Wash,1995,0.00,0.00,0.00,0.00,0.00,0.00,0.00,0.00,0.00
04,1503,15030103,Sacramento Wash,1995,0.00,0.00,0.00,0.00,0.00,0.00,0.00,0.00,0.00
04,1503,15030104,Imperial Reservoir,1995,0.00,0.00,0.00,0.00,0.00,0.00,0.00,0.00,0.00
06,1503,15030104,Imperial Reservoir,1995,6773.31,0.00,6773.31,450.68,0.00,450.68,1.00,0.00,1.00
04,1503,15030105,Bouse Wash,1995,0.00,0.00,0.00,0.00,0.00,0.00,0.00,0.00,0.00
04,1503,15030106,Tyson Wash,1995,0.00,0.00,0.00,0.00,0.00,0.00,0.00,0.00,0.00
04,1503,15030107,Lower Colorado,1995,0.00,0.00,0.00,0.00,0.00,0.00,0.00,0.00,0.00
06,1503,15030107,Lower Colorado,1995,0.00,345.71,345.71,0.00,9.51,9.51,0.00,1.00,1.00
04,1503,15030108,Yuma Desert,1995,0.00,0.00,0.00,0.00,0.00,0.00,0.00,0.00,0.00
04,1503,15030201,Big Sandy,1995,0.00,0.00,0.00,0.00,0.00,0.00,0.00,0.00,0.00
04,1503,15030202,Burro,1995,0.00,0.00,0.00,0.00,0.00,0.00,0.00,0.00,0.00
04,1503,15030203,Santa Maria,1995,0.00,0.00,0.00,0.00,0.00,0.00,0.00,0.00,0.00
04,1503,15030204,Bill Williams,1995,0.00,0.00,0.00,0.00,0.00,0.00,0.00,0.00,0.00
35,1504,15040001,Upper Gila,1995,0.00,0.00,0.00,0.00,0.00,0.00,0.00,0.00,0.00
04,1504,15040002,Upper Gila-Mangas,1995,0.00,0.00,0.00,0.00,0.00,0.00,0.00,0.00,0.00
35,1504,15040002,Upper Gila-Mangas,1995,0.00,0.00,0.00,0.00,0.00,0.00,0.00,0.00,0.00
04,1504,15040003,Animas Valley,1995,0.00,0.00,0.00,0.00,0.00,0.00,0.00,0.00,0.00
35,1504,15040003,Animas Valley,1995,0.00,0.00,0.00,0.00,0.00,0.00,0.00,0.00,0.00
04,1504,15040004,San Francisco,1995,0.00,0.00,0.00,0.00,0.00,0.00,0.00,0.00,0.00
35,1504,15040004,San Francisco,1995,0.00,0.00,0.00,0.00,0.00,0.00,0.00,0.00,0.00
04,1504,15040005,Upper Gila-San Carlos Reservoir,1995,0.00,0.00,0.00,0.00,0.00,0.00,0.00,0.00,0.00
04,1504,15040006,San Simon,1995,0.00,0.00,0.00,0.00,0.00,0.00,0.00,0.00,0.00
35,1504,15040006,San Simon,1995,0.00,0.00,0.00,0.00,0.00,0.00,0.00,0.00,0.00
04,1504,15040007,San Carlos,1995,0.00,0.00,0.00,0.00,0.00,0.00,0.00,0.00,0.00
04,1505,15050100,Middle Gila,1995,73.87,0.00,73.87,6.72,0.00,6.72,1.00,0.00,1.00
04,1505,15050201,Willcox Playa,1995,0.00,0.00,0.00,0.00,0.00,0.00,0.00,0.00,0.00
04,1505,15050202,Upper San Pedro,1995,0.00,0.00,0.00,0.00,0.00,0.00,0.00,0.00,0.00
04,1505,15050203,Lower San Pedro,1995,0.00,0.00,0.00,0.00,0.00,0.00,0.00,0.00,0.00
04,1505,15050301,Upper Santa Cruz,1995,0.00,0.00,0.00,0.00,0.00,0.00,0.00,0.00,0.00
04,1505,15050302,Rillito,1995,0.00,0.00,0.00,0.00,0.00,0.00,0.00,0.00,0.00
04,1505,15050303,Lower Santa Cruz,1995,0.00,0.00,0.00,0.00,0.00,0.00,0.00,0.00,0.00
04,1505,15050304,Brawley Wash,1995,0.00,0.00,0.00,0.00,0.00,0.00,0.00,0.00,0.00
04,1505,15050305,Aguirre Valley,1995,0.00,0.00,0.00,0.00,0.00,0.00,0.00,0.00,0.00
04,1505,15050306,Santa Rosa Wash,1995,0.00,0.00,0.00,0.00,0.00,0.00,0.00,0.00,0.00
04,1506,15060101,Black,1995,0.00,0.00,0.00,0.00,0.00,0.00,0.00,0.00,0.00
04,1506,15060102,White,1995,0.00,0.00,0.00,0.00,0.00,0.00,0.00,0.00,0.00
04,1506,15060103,Upper Salt,1995,0.00,0.00,0.00,0.00,0.00,0.00,0.00,0.00,0.00
04,1506,15060104,Carrizo,1995,0.00,0.00,0.00,0.00,0.00,0.00,0.00,0.00,0.00
04,1506,15060105,Tonto,1995,0.00,0.00,0.00,0.00,0.00,0.00,0.00,0.00,0.00
04,1506,15060106,Lower Salt,1995,3037.38,0.00,3037.38,446.85,0.00,446.85,5.00,0.00,5.00
04,1506,15060201,Big Chino-Williamson Valley,1995,0.00,0.00,0.00,0.00,0.00,0.00,0.00,0.00,0.00
04,1506,15060202,Upper Verde,1995,0.00,0.00,0.00,0.00,0.00,0.00,0.00,0.00,0.00
04,1506,15060203,Lower Verde,1995,0.00,31.03,31.03,0.00,33.59,33.59,0.00,2.00,2.00
04,1507,15070101,Lower Gila-Painted Rock Reservoir,1995,0.00,0.00,0.00,0.00,0.00,0.00,0.00,0.00,0.00
04,1507,15070102,Agua Fria,1995,0.00,0.00,0.00,0.00,0.00,0.00,0.00,0.00,0.00
04,1507,15070103,Hassayampa,1995,0.00,0.00,0.00,0.00,0.00,0.00,0.00,0.00,0.00
04,1507,15070104,Centennial Wash,1995,0.00,0.00,0.00,0.00,0.00,0.00,0.00,0.00,0.00
04,1507,15070201,Lower Gila,1995,0.00,0.00,0.00,0.00,0.00,0.00,0.00,0.00,0.00
04,1507,15070202,Tenmile Wash,1995,0.00,0.00,0.00,0.00,0.00,0.00,0.00,0.00,0.00
04,1507,15070203,San Cristobal Wash,1995,0.00,0.00,0.00,0.00,0.00,0.00,0.00,0.00,0.00
04,1508,15080101,San Simon Wash,1995,0.00,0.00,0.00,0.00,0.00,0.00,0.00,0.00,0.00
04,1508,15080102,Rio Sonoyta,1995,0.00,0.00,0.00,0.00,0.00,0.00,0.00,0.00,0.00
04,1508,15080103,Tule Desert,1995,0.00,0.00,0.00,0.00,0.00,0.00,0.00,0.00,0.00
04,1508,15080200,Rio De La Concepcion,1995,0.00,0.00,0.00,0.00,0.00,0.00,0.00,0.00,0.00
04,1508,15080301,Whitewater Draw,1995,0.00,0.00,0.00,0.00,0.00,0.00,0.00,0.00,0.00
04,1508,15080302,San Bernardino Valley,1995,0.00,0.00,0.00,0.00,0.00,0.00,0.00,0.00,0.00
35,1508,15080302,San Bernardino Valley,1995,0.00,0.00,0.00,0.00,0.00,0.00,0.00,0.00,0.00
35,1508,15080303,Cloverdale,1995,0.00,0.00,0.00,0.00,0.00,0.00,0.00,0.00,0.00
08,1401,14010001,Colorado Headwaters,2000,889.04,0.00,889.04,114.55,0.00,114.55,2.00,0.00,2.00
08,1401,14010002,Blue,2000,298.94,0.00,298.94,51.01,0.00,51.01,2.00,0.00,2.00
08,1401,14010003,Eagle,2000,0.00,0.00,0.00,0.00,0.00,0.00,0.00,0.00,0.00
08,1401,14010004,Roaring Fork,2000,116.23,0.00,116.23,8.43,0.00,8.43,1.00,0.00,1.00
08,1401,14010005,Colorado Headwaters-Plateau,2000,1132.06,0.00,1132.06,69.49,0.00,69.49,4.00,0.00,4.00
49,1401,14010005,Colorado Headwaters-Plateau,2000,0.00,0.00,0.00,0.00,0.00,0.00,0.00,0.00,0.00
08,1401,14010006,Parachute-Roan,2000,0.00,0.00,0.00,0.00,0.00,0.00,0.00,0.00,0.00
08,1402,14020001,East-Taylor,2000,0.00,0.00,0.00,0.00,0.00,0.00,0.00,0.00,0.00
08,1402,14020002,Upper Gunnison,2000,2711.80,0.00,2711.80,680.21,0.00,680.21,3.00,0.00,3.00
08,1402,14020003,Tomichi,2000,0.00,0.00,0.00,0.00,0.00,0.00,0.00,0.00,0.00
08,1402,14020004,North Fork Gunnison,2000,0.00,0.00,0.00,0.00,0.00,0.00,0.00,0.00,0.00
08,1402,14020005,Lower Gunnison,2000,0.00,0.00,0.00,0.00,0.00,0.00,0.00,0.00,0.00
08,1402,14020006,Uncompahgre,2000,0.00,0.00,0.00,0.00,0.00,0.00,0.00,0.00,0.00
08,1403,14030001,Westwater Canyon,2000,0.00,0.00,0.00,0.00,0.00,0.00,0.00,0.00,0.00
49,1403,14030001,Westwater Canyon,2000,0.00,0.00,0.00,0.00,0.00,0.00,0.00,0.00,0.00
08,1403,14030002,Upper Dolores,2000,0.00,0.00,0.00,0.00,0.00,0.00,0.00,0.00,0.00
49,1403,14030002,Upper Dolores,2000,0.00,0.00,0.00,0.00,0.00,0.00,0.00,0.00,0.00
08,1403,14030003,San Miguel,2000,11.85,0.00,11.85,9.94,0.00,9.94,1.00,0.00,1.00
08,1403,14030004,Lower Dolores,2000,0.00,0.00,0.00,0.00,0.00,0.00,0.00,0.00,0.00
49,1403,14030004,Lower Dolores,2000,0.00,0.00,0.00,0.00,0.00,0.00,0.00,0.00,0.00
08,1403,14030005,Upper Colorado-Kane Springs,2000,0.00,0.00,0.00,0.00,0.00,0.00,0.00,0.00,0.00
49,1403,14030005,Upper Colorado-Kane Springs,2000,0.00,0.00,0.00,0.00,0.00,0.00,0.00,0.00,0.00
56,1404,14040101,Upper Green,2000,808.01,0.00,808.01,57.25,0.00,57.25,--,--,--
56,1404,14040102,New Fork,2000,0.00,0.00,0.00,0.00,0.00,0.00,0.00,0.00,0.00
56,1404,14040103,Upper Green-Slate,2000,0.00,0.00,0.00,0.00,0.00,0.00,1.00,0.00,1.00
56,1404,14040104,Big Sandy,2000,0.00,0.00,0.00,0.00,0.00,0.00,0.00,0.00,0.00
56,1404,14040105,Bitter,2000,0.00,0.00,0.00,0.00,0.00,0.00,0.00,0.00,0.00
08,1404,14040106,Upper Green-Flaming Gorge Reservoir,2000,0.00,0.00,0.00,0.00,0.00,0.00,0.00,0.00,0.00
49,1404,14040106,Upper Green-Flaming Gorge Reservoir,2000,1181.24,0.00,1181.24,427.40,0.00,427.40,1.00,0.00,1.00
56,1404,14040106,Upper Green-Flaming Gorge Reservoir,2000,0.00,0.00,0.00,0.00,0.00,0.00,0.00,0.00,0.00
49,1404,14040107,Blacks Fork,2000,0.00,0.00,0.00,0.00,0.00,0.00,0.00,0.00,0.00
56,1404,14040107,Blacks Fork,2000,0.00,0.00,0.00,0.00,0.00,0.00,0.00,0.00,0.00
49,1404,14040108,Muddy,2000,0.00,0.00,0.00,0.00,0.00,0.00,--,--,--
56,1404,14040108,Muddy,2000,0.00,0.00,0.00,0.00,0.00,0.00,0.00,0.00,0.00
08,1404,14040109,Vermilion,2000,0.00,0.00,0.00,0.00,0.00,0.00,0.00,0.00,0.00
56,1404,14040109,Vermilion,2000,0.00,0.00,0.00,0.00,0.00,0.00,0.00,0.00,0.00
56,1404,14040200,Great Divide Closed Basin,2000,0.00,0.00,0.00,0.00,0.00,0.00,0.00,0.00,0.00
08,1405,14050001,Upper Yampa,2000,48.37,0.00,48.37,5.00,0.00,5.00,1.00,0.00,1.00
08,1405,14050002,Lower Yampa,2000,0.00,0.00,0.00,0.00,0.00,0.00,0.00,0.00,0.00
08,1405,14050003,Little Snake,2000,0.00,0.00,0.00,0.00,0.00,0.00,0.00,0.00,0.00
56,1405,14050003,Little Snake,2000,0.00,0.00,0.00,0.00,0.00,0.00,0.00,0.00,0.00
56,1405,14050004,Muddy,2000,0.00,0.00,0.00,0.00,0.00,0.00,0.00,0.00,0.00
08,1405,14050005,Upper White,2000,0.00,0.00,0.00,0.00,0.00,0.00,0.00,0.00,0.00
08,1405,14050006,Piceance-Yellow,2000,0.00,0.00,0.00,0.00,0.00,0.00,0.00,0.00,0.00
08,1405,14050007,Lower White,2000,341.92,0.00,341.92,11.24,0.00,11.24,1.00,0.00,1.00
49,1405,14050007,Lower White,2000,0.00,0.00,0.00,0.00,0.00,0.00,0.00,0.00,0.00
08,1406,14060001,Lower Green-Diamond,2000,0.00,0.00,0.00,0.00,0.00,0.00,0.00,0.00,0.00
49,1406,14060001,Lower Green-Diamond,2000,0.00,0.00,0.00,0.00,0.00,0.00,0.00,0.00,0.00
49,1406,14060002,Ashley-Brush,2000,0.00,0.00,0.00,0.00,0.00,0.00,0.00,0.00,0.00
49,1406,14060003,Duchesne,2000,0.00,35.27,35.27,0.00,9.03,9.03,0.00,2.00,2.00
49,1406,14060004,Strawberry,2000,0.00,0.00,0.00,0.00,0.00,0.00,0.00,0.00,0.00
49,1406,14060005,Lower Green-Desolation Canyon,2000,0.00,0.00,0.00,0.00,0.00,0.00,0.00,0.00,0.00
49,1406,14060006,Willow,2000,0.00,0.00,0.00,0.00,0.00,0.00,0.00,0.00,0.00
49,1406,14060007,Price,2000,0.00,0.00,0.00,0.00,0.00,0.00,0.00,0.00,0.00
49,1406,14060008,Lower Green,2000,0.00,0.00,0.00,0.00,0.00,0.00,0.00,0.00,0.00
49,1406,14060009,San Rafael,2000,0.00,0.00,0.00,0.00,0.00,0.00,0.00,0.00,0.00
49,1407,14070001,Upper Lake Powell,2000,0.00,0.00,0.00,0.00,0.00,0.00,0.00,0.00,0.00
49,1407,14070002,Muddy,2000,0.00,0.00,0.00,0.00,0.00,0.00,0.00,0.00,0.00
49,1407,14070003,Fremont,2000,0.00,0.00,0.00,0.00,0.00,0.00,0.00,0.00,0.00
49,1407,14070004,Dirty Devil,2000,0.00,0.00,0.00,0.00,0.00,0.00,0.00,0.00,0.00
49,1407,14070005,Escalante,2000,0.00,0.00,0.00,0.00,0.00,0.00,0.00,0.00,0.00
04,1407,14070006,Lower Lake Powell,2000,8499.07,0.00,8499.07,4609.52,0.00,4609.52,1.00,0.00,1.00
49,1407,14070006,Lower Lake Powell,2000,0.00,0.00,0.00,0.00,0.00,0.00,0.00,0.00,0.00
04,1407,14070007,Paria,2000,0.00,0.00,0.00,0.00,0.00,0.00,0.00,0.00,0.00
49,1407,14070007,Paria,2000,0.00,0.00,0.00,0.00,0.00,0.00,0.00,0.00,0.00
08,1408,14080101,Upper San Juan,2000,189.24,0.00,189.24,0.02,0.00,0.02,--,--,--
35,1408,14080101,Upper San Juan,2000,1248.35,0.00,1248.35,140.25,0.00,140.25,1.00,0.00,1.00
08,1408,14080102,Piedra,2000,0.00,0.00,0.00,0.00,0.00,0.00,--,--,--
35,1408,14080103,Blanco Canyon,2000,0.00,0.00,0.00,0.00,0.00,0.00,0.00,0.00,0.00
08,1408,14080104,Animas,2000,30.56,0.00,30.56,15.26,0.00,15.26,--,--,--
35,1408,14080104,Animas,2000,2.19,0.00,2.19,0.25,0.00,0.25,1.00,0.00,1.00
04,1408,14080105,Middle San Juan,2000,0.00,0.00,0.00,0.00,0.00,0.00,0.00,0.00,0.00
08,1408,14080105,Middle San Juan,2000,0.00,0.00,0.00,0.00,0.00,0.00,--,--,--
35,1408,14080105,Middle San Juan,2000,0.00,0.00,0.00,0.00,0.00,0.00,0.00,0.00,0.00
04,1408,14080106,Chaco,2000,0.00,0.00,0.00,0.00,0.00,0.00,0.00,0.00,0.00
35,1408,14080106,Chaco,2000,0.00,0.00,0.00,0.00,0.00,0.00,0.00,0.00,0.00
08,1408,14080107,Mancos,2000,0.00,0.00,0.00,0.00,0.00,0.00,--,--,--
35,1408,14080107,Mancos,2000,0.00,0.00,0.00,0.00,0.00,0.00,0.00,0.00,0.00
04,1408,14080201,Lower San Juan-Four Corners,2000,0.00,0.00,0.00,0.00,0.00,0.00,0.00,0.00,0.00
08,1408,14080201,Lower San Juan-Four Corners,2000,0.00,0.00,0.00,0.00,0.00,0.00,--,--,--
35,1408,14080201,Lower San Juan-Four Corners,2000,0.00,0.00,0.00,0.00,0.00,0.00,0.00,0.00,0.00
49,1408,14080201,Lower San Juan-Four Corners,2000,0.00,0.00,0.00,0.00,0.00,0.00,0.00,0.00,0.00
08,1408,14080202,Mcelmo,2000,39.18,0.00,39.18,23.36,0.00,23.36,--,--,--
49,1408,14080202,Mcelmo,2000,0.00,0.00,0.00,0.00,0.00,0.00,0.00,0.00,0.00
08,1408,14080203,Montezuma,2000,0.00,0.00,0.00,0.00,0.00,0.00,0.00,0.00,0.00
49,1408,14080203,Montezuma,2000,0.00,0.00,0.00,0.00,0.00,0.00,0.00,0.00,0.00
04,1408,14080204,Chinle,2000,0.00,0.00,0.00,0.00,0.00,0.00,0.00,0.00,0.00
35,1408,14080204,Chinle,2000,0.00,0.00,0.00,0.00,0.00,0.00,0.00,0.00,0.00
49,1408,14080204,Chinle,2000,0.00,0.00,0.00,0.00,0.00,0.00,0.00,0.00,0.00
04,1408,14080205,Lower San Juan,2000,0.00,0.00,0.00,0.00,0.00,0.00,0.00,0.00,0.00
49,1408,14080205,Lower San Juan,2000,0.00,0.00,0.00,0.00,0.00,0.00,0.00,0.00,0.00
04,1501,15010001,Lower Colorado-Marble Canyon,2000,0.00,0.00,0.00,0.00,0.00,0.00,0.00,0.00,0.00
04,1501,15010002,Grand Canyon,2000,0.00,0.00,0.00,0.00,0.00,0.00,0.00,0.00,0.00
04,1501,15010003,Kanab,2000,0.00,0.00,0.00,0.00,0.00,0.00,0.00,0.00,0.00
49,1501,15010003,Kanab,2000,0.00,0.00,0.00,0.00,0.00,0.00,0.00,0.00,0.00
04,1501,15010004,Havasu Canyon,2000,0.00,0.00,0.00,0.00,0.00,0.00,0.00,0.00,0.00
04,1501,15010005,Lake Mead,2000,5339.33,0.00,5339.33,2646.42,0.00,2646.42,1.00,0.00,1.00
32,1501,15010005,Lake Mead,2000,5339.33,0.00,5339.33,2646.42,0.00,2646.42,1.00,0.00,1.00
04,1501,15010006,Grand Wash,2000,0.00,0.00,0.00,0.00,0.00,0.00,0.00,0.00,0.00
32,1501,15010006,Grand Wash,2000,0.00,0.00,0.00,0.00,0.00,0.00,0.00,0.00,0.00
04,1501,15010007,Hualapai Wash,2000,0.00,0.00,0.00,0.00,0.00,0.00,0.00,0.00,0.00
49,1501,15010008,Upper Virgin,2000,0.00,0.00,0.00,0.00,0.00,0.00,0.00,0.00,0.00
04,1501,15010009,Fort Pearce Wash,2000,0.00,0.00,0.00,0.00,0.00,0.00,0.00,0.00,0.00
49,1501,15010009,Fort Pearce Wash,2000,0.00,0.00,0.00,0.00,0.00,0.00,0.00,0.00,0.00
04,1501,15010010,Lower Virgin,2000,0.00,0.00,0.00,0.00,0.00,0.00,0.00,0.00,0.00
32,1501,15010010,Lower Virgin,2000,0.00,0.00,0.00,0.00,0.00,0.00,0.00,0.00,0.00
49,1501,15010010,Lower Virgin,2000,0.00,0.00,0.00,0.00,0.00,0.00,0.00,0.00,0.00
32,1501,15010011,White,2000,0.00,0.00,0.00,0.00,0.00,0.00,0.00,0.00,0.00
32,1501,15010012,Muddy,2000,0.00,0.00,0.00,0.00,0.00,0.00,0.00,0.00,0.00
32,1501,15010013,Meadow Valley Wash,2000,0.00,0.00,0.00,0.00,0.00,0.00,0.00,0.00,0.00
49,1501,15010013,Meadow Valley Wash,2000,0.00,0.00,0.00,0.00,0.00,0.00,0.00,0.00,0.00
04,1501,15010014,Detrital Wash,2000,0.00,0.00,0.00,0.00,0.00,0.00,0.00,0.00,0.00
32,1501,15010015,Las Vegas Wash,2000,0.00,0.00,0.00,0.00,0.00,0.00,0.00,0.00,0.00
04,1502,15020001,Little Colorado Headwaters,2000,0.00,0.00,0.00,0.00,0.00,0.00,0.00,0.00,0.00
35,1502,15020001,Little Colorado Headwaters,2000,0.00,0.00,0.00,0.00,0.00,0.00,0.00,0.00,0.00
04,1502,15020002,Upper Little Colorado,2000,0.00,0.00,0.00,0.00,0.00,0.00,0.00,0.00,0.00
35,1502,15020002,Upper Little Colorado,2000,0.00,0.00,0.00,0.00,0.00,0.00,0.00,0.00,0.00
04,1502,15020003,Carrizo Wash,2000,0.00,0.00,0.00,0.00,0.00,0.00,0.00,0.00,0.00
35,1502,15020003,Carrizo Wash,2000,0.00,0.00,0.00,0.00,0.00,0.00,0.00,0.00,0.00
04,1502,15020004,Zuni,2000,0.00,0.00,0.00,0.00,0.00,0.00,0.00,0.00,0.00
35,1502,15020004,Zuni,2000,0.00,0.00,0.00,0.00,0.00,0.00,0.00,0.00,0.00
04,1502,15020005,Silver,2000,0.00,0.00,0.00,0.00,0.00,0.00,0.00,0.00,0.00
04,1502,15020006,Upper Puerco,2000,0.00,0.00,0.00,0.00,0.00,0.00,0.00,0.00,0.00
35,1502,15020006,Upper Puerco,2000,0.00,0.00,0.00,0.00,0.00,0.00,0.00,0.00,0.00
04,1502,15020007,Lower Puerco,2000,0.00,0.00,0.00,0.00,0.00,0.00,0.00,0.00,0.00
04,1502,15020008,Middle Little Colorado,2000,0.00,0.00,0.00,0.00,0.00,0.00,0.00,0.00,0.00
04,1502,15020009,Leroux Wash,2000,0.00,0.00,0.00,0.00,0.00,0.00,0.00,0.00,0.00
04,1502,15020010,Chevelon Canyon,2000,0.00,0.00,0.00,0.00,0.00,0.00,0.00,0.00,0.00
04,1502,15020011,Cottonwood Wash,2000,0.00,0.00,0.00,0.00,0.00,0.00,0.00,0.00,0.00
04,1502,15020012,Corn-Oraibi,2000,0.00,0.00,0.00,0.00,0.00,0.00,0.00,0.00,0.00
04,1502,15020013,Polacca Wash,2000,0.00,0.00,0.00,0.00,0.00,0.00,0.00,0.00,0.00
04,1502,15020014,Jadito Wash,2000,0.00,0.00,0.00,0.00,0.00,0.00,0.00,0.00,0.00
04,1502,15020015,Canyon Diablo,2000,0.00,0.00,0.00,0.00,0.00,0.00,0.00,0.00,0.00
04,1502,15020016,Lower Little Colorado,2000,0.00,0.00,0.00,0.00,0.00,0.00,0.00,0.00,0.00
04,1502,15020017,Dinnebito Wash,2000,0.00,0.00,0.00,0.00,0.00,0.00,0.00,0.00,0.00
04,1502,15020018,Moenkopi Wash,2000,0.00,0.00,0.00,0.00,0.00,0.00,0.00,0.00,0.00
04,1503,15030101,Havasu-Mohave Lake,2000,8951.08,0.00,8951.08,908.25,0.00,908.25,2.00,0.00,2.00
06,1503,15030101,Havasu-Mohave Lake,2000,0.00,0.00,0.00,0.00,0.00,0.00,0.00,0.00,0.00
32,1503,15030101,Havasu-Mohave Lake,2000,5139.77,0.00,5139.77,639.85,0.00,639.85,1.00,0.00,1.00
06,1503,15030102,Piute Wash,2000,0.00,0.00,0.00,0.00,0.00,0.00,0.00,0.00,0.00
32,1503,15030102,Piute Wash,2000,0.00,0.00,0.00,0.00,0.00,0.00,0.00,0.00,0.00
04,1503,15030103,Sacramento Wash,2000,0.00,0.00,0.00,0.00,0.00,0.00,0.00,0.00,0.00
04,1503,15030104,Imperial Reservoir,2000,0.00,0.00,0.00,0.00,0.00,0.00,0.00,0.00,0.00
06,1503,15030104,Imperial Reservoir,2000,7758.02,0.00,7758.02,516.20,0.00,516.20,1.00,0.00,1.00
04,1503,15030105,Bouse Wash,2000,0.00,0.00,0.00,0.00,0.00,0.00,0.00,0.00,0.00
04,1503,15030106,Tyson Wash,2000,0.00,0.00,0.00,0.00,0.00,0.00,0.00,0.00,0.00
04,1503,15030107,Lower Colorado,2000,0.00,0.00,0.00,0.00,0.00,0.00,0.00,0.00,0.00
06,1503,15030107,Lower Colorado,2000,0.00,0.00,0.00,0.00,0.00,0.00,0.00,0.00,0.00
04,1503,15030108,Yuma Desert,2000,0.00,0.00,0.00,0.00,0.00,0.00,0.00,0.00,0.00
04,1503,15030201,Big Sandy,2000,0.00,0.00,0.00,0.00,0.00,0.00,0.00,0.00,0.00
04,1503,15030202,Burro,2000,0.00,0.00,0.00,0.00,0.00,0.00,0.00,0.00,0.00
04,1503,15030203,Santa Maria,2000,0.00,0.00,0.00,0.00,0.00,0.00,0.00,0.00,0.00
04,1503,15030204,Bill Williams,2000,0.00,0.00,0.00,0.00,0.00,0.00,0.00,0.00,0.00
35,1504,15040001,Upper Gila,2000,0.00,0.00,0.00,0.00,0.00,0.00,0.00,0.00,0.00
04,1504,15040002,Upper Gila-Mangas,2000,0.00,0.00,0.00,0.00,0.00,0.00,0.00,0.00,0.00
35,1504,15040002,Upper Gila-Mangas,2000,0.00,0.00,0.00,0.00,0.00,0.00,0.00,0.00,0.00
04,1504,15040003,Animas Valley,2000,0.00,0.00,0.00,0.00,0.00,0.00,0.00,0.00,0.00
35,1504,15040003,Animas Valley,2000,0.00,0.00,0.00,0.00,0.00,0.00,0.00,0.00,0.00
04,1504,15040004,San Francisco,2000,0.00,0.00,0.00,0.00,0.00,0.00,0.00,0.00,0.00
35,1504,15040004,San Francisco,2000,0.00,0.00,0.00,0.00,0.00,0.00,0.00,0.00,0.00
04,1504,15040005,Upper Gila-San Carlos Reservoir,2000,0.00,0.00,0.00,0.00,0.00,0.00,0.00,0.00,0.00
04,1504,15040006,San Simon,2000,0.00,0.00,0.00,0.00,0.00,0.00,0.00,0.00,0.00
35,1504,15040006,San Simon,2000,0.00,0.00,0.00,0.00,0.00,0.00,0.00,0.00,0.00
04,1504,15040007,San Carlos,2000,0.00,0.00,0.00,0.00,0.00,0.00,0.00,0.00,0.00
04,1505,15050100,Middle Gila,2000,0.00,0.00,0.00,0.00,0.00,0.00,0.00,0.00,0.00
04,1505,15050201,Willcox Playa,2000,0.00,0.00,0.00,0.00,0.00,0.00,0.00,0.00,0.00
04,1505,15050202,Upper San Pedro,2000,0.00,0.00,0.00,0.00,0.00,0.00,0.00,0.00,0.00
04,1505,15050203,Lower San Pedro,2000,0.00,0.00,0.00,0.00,0.00,0.00,0.00,0.00,0.00
04,1505,15050301,Upper Santa Cruz,2000,0.00,0.00,0.00,0.00,0.00,0.00,0.00,0.00,0.00
04,1505,15050302,Rillito,2000,0.00,0.00,0.00,0.00,0.00,0.00,0.00,0.00,0.00
04,1505,15050303,Lower Santa Cruz,2000,0.00,0.00,0.00,0.00,0.00,0.00,0.00,0.00,0.00
04,1505,15050304,Brawley Wash,2000,0.00,0.00,0.00,0.00,0.00,0.00,0.00,0.00,0.00
04,1505,15050305,Aguirre Valley,2000,0.00,0.00,0.00,0.00,0.00,0.00,0.00,0.00,0.00
04,1505,15050306,Santa Rosa Wash,2000,0.00,0.00,0.00,0.00,0.00,0.00,0.00,0.00,0.00
04,1506,15060101,Black,2000,0.00,0.00,0.00,0.00,0.00,0.00,0.00,0.00,0.00
04,1506,15060102,White,2000,0.00,0.00,0.00,0.00,0.00,0.00,0.00,0.00,0.00
04,1506,15060103,Upper Salt,2000,0.00,0.00,0.00,0.00,0.00,0.00,0.00,0.00,0.00
04,1506,15060104,Carrizo,2000,0.00,0.00,0.00,0.00,0.00,0.00,0.00,0.00,0.00
04,1506,15060105,Tonto,2000,0.00,0.00,0.00,0.00,0.00,0.00,0.00,0.00,0.00
04,1506,15060106,Lower Salt,2000,2374.19,0.00,2374.19,143.33,0.00,143.33,6.00,0.00,6.00
04,1506,15060201,Big Chino-Williamson Valley,2000,0.00,0.00,0.00,0.00,0.00,0.00,0.00,0.00,0.00
04,1506,15060202,Upper Verde,2000,0.00,0.00,0.00,0.00,0.00,0.00,0.00,0.00,0.00
04,1506,15060203,Lower Verde,2000,0.00,0.00,0.00,0.00,0.00,0.00,0.00,0.00,0.00
04,1507,15070101,Lower Gila-Painted Rock Reservoir,2000,0.00,0.00,0.00,0.00,0.00,0.00,0.00,0.00,0.00
04,1507,15070102,Agua Fria,2000,0.00,0.00,0.00,0.00,0.00,0.00,0.00,0.00,0.00
04,1507,15070103,Hassayampa,2000,0.00,0.00,0.00,0.00,0.00,0.00,0.00,0.00,0.00
04,1507,15070104,Centennial Wash,2000,0.00,0.00,0.00,0.00,0.00,0.00,0.00,0.00,0.00
04,1507,15070201,Lower Gila,2000,0.00,0.00,0.00,0.00,0.00,0.00,0.00,0.00,0.00
04,1507,15070202,Tenmile Wash,2000,0.00,0.00,0.00,0.00,0.00,0.00,0.00,0.00,0.00
04,1507,15070203,San Cristobal Wash,2000,0.00,0.00,0.00,0.00,0.00,0.00,0.00,0.00,0.00
04,1508,15080101,San Simon Wash,2000,0.00,0.00,0.00,0.00,0.00,0.00,0.00,0.00,0.00
04,1508,15080102,Rio Sonoyta,2000,0.00,0.00,0.00,0.00,0.00,0.00,0.00,0.00,0.00
04,1508,15080103,Tule Desert,2000,0.00,0.00,0.00,0.00,0.00,0.00,0.00,0.00,0.00
04,1508,15080200,Rio De La Concepcion,2000,0.00,0.00,0.00,0.00,0.00,0.00,0.00,0.00,0.00
04,1508,15080301,Whitewater Draw,2000,0.00,0.00,0.00,0.00,0.00,0.00,0.00,0.00,0.00
04,1508,15080302,San Bernardino Valley,2000,0.00,0.00,0.00,0.00,0.00,0.00,0.00,0.00,0.00
35,1508,15080302,San Bernardino Valley,2000,0.00,0.00,0.00,0.00,0.00,0.00,0.00,0.00,0.00
35,1508,15080303,Cloverdale,2000,0.00,0.00,0.00,0.00,0.00,0.00,0.00,0.00,0.00
08,1401,14010001,Colorado Headwaters,2005,775.88,0.00,775.88,96.23,0.00,96.23,2.00,0.00,2.00
08,1401,14010002,Blue,2005,187.34,0.00,187.34,35.51,0.00,35.51,2.00,0.00,2.00
08,1401,14010003,Eagle,2005,0.00,0.00,0.00,0.00,0.00,0.00,0.00,0.00,0.00
08,1401,14010004,Roaring Fork,2005,218.12,0.00,218.12,15.82,0.00,15.82,1.00,0.00,1.00
08,1401,14010005,Colorado Headwaters-Plateau,2005,236.90,0.00,236.90,68.72,0.00,68.72,4.00,0.00,4.00
49,1401,14010005,Colorado Headwaters-Plateau,2005,0.00,0.00,0.00,0.00,0.00,0.00,0.00,0.00,0.00
08,1401,14010006,Parachute-Roan,2005,0.00,0.00,0.00,0.00,0.00,0.00,0.00,0.00,0.00
08,1402,14020001,East-Taylor,2005,0.00,0.00,0.00,0.00,0.00,0.00,0.00,0.00,0.00
08,1402,14020002,Upper Gunnison,2005,2300.54,0.00,2300.54,618.21,0.00,618.21,3.00,0.00,3.00
08,1402,14020003,Tomichi,2005,0.00,0.00,0.00,0.00,0.00,0.00,0.00,0.00,0.00
08,1402,14020004,North Fork Gunnison,2005,0.00,0.00,0.00,0.00,0.00,0.00,0.00,0.00,0.00
08,1402,14020005,Lower Gunnison,2005,13.62,0.00,13.62,0.01,0.00,0.01,2.00,0.00,2.00
08,1402,14020006,Uncompahgre,2005,0.00,0.00,0.00,0.00,0.00,0.00,0.00,0.00,0.00
08,1403,14030001,Westwater Canyon,2005,0.00,0.00,0.00,0.00,0.00,0.00,0.00,0.00,0.00
49,1403,14030001,Westwater Canyon,2005,0.00,0.00,0.00,0.00,0.00,0.00,0.00,0.00,0.00
08,1403,14030002,Upper Dolores,2005,190.31,0.00,190.31,4.29,0.00,4.29,1.00,0.00,1.00
49,1403,14030002,Upper Dolores,2005,0.00,0.00,0.00,0.00,0.00,0.00,0.00,0.00,0.00
08,1403,14030003,San Miguel,2005,17.25,0.00,17.25,7.74,0.00,7.74,1.00,0.00,1.00
08,1403,14030004,Lower Dolores,2005,0.00,0.00,0.00,0.00,0.00,0.00,0.00,0.00,0.00
49,1403,14030004,Lower Dolores,2005,0.00,0.00,0.00,0.00,0.00,0.00,0.00,0.00,0.00
08,1403,14030005,Upper Colorado-Kane Springs,2005,0.00,0.00,0.00,0.00,0.00,0.00,0.00,0.00,0.00
49,1403,14030005,Upper Colorado-Kane Springs,2005,0.00,0.00,0.00,0.00,0.00,0.00,0.00,0.00,0.00
56,1404,14040101,Upper Green,2005,801.97,0.00,801.97,59.45,0.00,59.45,1.00,0.00,1.00
56,1404,14040102,New Fork,2005,0.00,0.00,0.00,0.00,0.00,0.00,0.00,0.00,0.00
56,1404,14040103,Upper Green-Slate,2005,0.00,0.00,0.00,0.00,0.00,0.00,0.00,0.00,0.00
56,1404,14040104,Big Sandy,2005,0.00,0.00,0.00,0.00,0.00,0.00,0.00,0.00,0.00
56,1404,14040105,Bitter,2005,0.00,0.00,0.00,0.00,0.00,0.00,0.00,0.00,0.00
08,1404,14040106,Upper Green-Flaming Gorge Reservoir,2005,0.00,0.00,0.00,0.00,0.00,0.00,0.00,0.00,0.00
49,1404,14040106,Upper Green-Flaming Gorge Reservoir,2005,1118.57,0.00,1118.57,386.89,0.00,386.89,1.00,0.00,1.00
56,1404,14040106,Upper Green-Flaming Gorge Reservoir,2005,0.00,0.00,0.00,0.00,0.00,0.00,0.00,0.00,0.00
49,1404,14040107,Blacks Fork,2005,0.00,0.00,0.00,0.00,0.00,0.00,0.00,0.00,0.00
56,1404,14040107,Blacks Fork,2005,0.00,0.00,0.00,0.00,0.00,0.00,0.00,0.00,0.00
49,1404,14040108,Muddy,2005,0.00,0.00,0.00,0.00,0.00,0.00,0.00,0.00,0.00
56,1404,14040108,Muddy,2005,0.00,0.00,0.00,0.00,0.00,0.00,0.00,0.00,0.00
08,1404,14040109,Vermilion,2005,0.00,0.00,0.00,0.00,0.00,0.00,0.00,0.00,0.00
56,1404,14040109,Vermilion,2005,0.00,0.00,0.00,0.00,0.00,0.00,0.00,0.00,0.00
56,1404,14040200,Great Divide Closed Basin,2005,0.00,0.00,0.00,0.00,0.00,0.00,0.00,0.00,0.00
08,1405,14050001,Upper Yampa,2005,0.00,0.00,0.00,0.00,0.00,0.00,0.00,0.00,0.00
08,1405,14050002,Lower Yampa,2005,0.00,0.00,0.00,0.00,0.00,0.00,0.00,0.00,0.00
08,1405,14050003,Little Snake,2005,0.00,0.00,0.00,0.00,0.00,0.00,0.00,0.00,0.00
56,1405,14050003,Little Snake,2005,0.00,0.00,0.00,0.00,0.00,0.00,0.00,0.00,0.00
56,1405,14050004,Muddy,2005,0.00,0.00,0.00,0.00,0.00,0.00,0.00,0.00,0.00
08,1405,14050005,Upper White,2005,0.00,0.00,0.00,0.00,0.00,0.00,0.00,0.00,0.00
08,1405,14050006,Piceance-Yellow,2005,0.00,0.00,0.00,0.00,0.00,0.00,0.00,0.00,0.00
08,1405,14050007,Lower White,2005,60.39,0.00,60.39,11.61,0.00,11.61,1.00,0.00,1.00
49,1405,14050007,Lower White,2005,0.00,0.00,0.00,0.00,0.00,0.00,0.00,0.00,0.00
08,1406,14060001,Lower Green-Diamond,2005,0.00,0.00,0.00,0.00,0.00,0.00,0.00,0.00,0.00
49,1406,14060001,Lower Green-Diamond,2005,0.00,0.00,0.00,0.00,0.00,0.00,0.00,0.00,0.00
49,1406,14060002,Ashley-Brush,2005,0.00,0.00,0.00,0.00,0.00,0.00,0.00,0.00,0.00
49,1406,14060003,Duchesne,2005,0.00,50.65,50.65,0.00,13.14,13.14,0.00,2.00,2.00
49,1406,14060004,Strawberry,2005,0.00,0.00,0.00,0.00,0.00,0.00,0.00,0.00,0.00
49,1406,14060005,Lower Green-Desolation Canyon,2005,0.00,0.00,0.00,0.00,0.00,0.00,0.00,0.00,0.00
49,1406,14060006,Willow,2005,0.00,0.00,0.00,0.00,0.00,0.00,0.00,0.00,0.00
49,1406,14060007,Price,2005,0.00,0.00,0.00,0.00,0.00,0.00,0.00,0.00,0.00
49,1406,14060008,Lower Green,2005,0.00,0.00,0.00,0.00,0.00,0.00,0.00,0.00,0.00
49,1406,14060009,San Rafael,2005,0.00,0.00,0.00,0.00,0.00,0.00,0.00,0.00,0.00
49,1407,14070001,Upper Lake Powell,2005,0.00,0.00,0.00,0.00,0.00,0.00,0.00,0.00,0.00
49,1407,14070002,Muddy,2005,0.00,0.00,0.00,0.00,0.00,0.00,0.00,0.00,0.00
49,1407,14070003,Fremont,2005,0.00,0.00,0.00,0.00,0.00,0.00,0.00,0.00,0.00
49,1407,14070004,Dirty Devil,2005,0.00,0.00,0.00,0.00,0.00,0.00,0.00,0.00,0.00
49,1407,14070005,Escalante,2005,0.00,0.00,0.00,0.00,0.00,0.00,0.00,0.00,0.00
04,1407,14070006,Lower Lake Powell,2005,8254.69,0.00,8254.69,3299.43,0.00,3299.43,1.00,0.00,1.00
49,1407,14070006,Lower Lake Powell,2005,0.00,0.00,0.00,0.00,0.00,0.00,0.00,0.00,0.00
04,1407,14070007,Paria,2005,0.00,0.00,0.00,0.00,0.00,0.00,0.00,0.00,0.00
49,1407,14070007,Paria,2005,0.00,0.00,0.00,0.00,0.00,0.00,0.00,0.00,0.00
08,1408,14080101,Upper San Juan,2005,389.12,0.00,389.12,29.47,0.00,29.47,1.00,0.00,1.00
35,1408,14080101,Upper San Juan,2005,579.58,0.00,579.58,65.09,0.00,65.09,1.00,0.00,1.00
08,1408,14080102,Piedra,2005,0.00,0.00,0.00,0.00,0.00,0.00,0.00,0.00,0.00
35,1408,14080103,Blanco Canyon,2005,0.00,0.00,0.00,0.00,0.00,0.00,0.00,0.00,0.00
08,1408,14080104,Animas,2005,38.24,0.00,38.24,19.09,0.00,19.09,1.00,0.00,1.00
35,1408,14080104,Animas,2005,0.00,0.00,0.00,0.00,0.00,0.00,0.00,0.00,0.00
04,1408,14080105,Middle San Juan,2005,0.00,0.00,0.00,0.00,0.00,0.00,0.00,0.00,0.00
08,1408,14080105,Middle San Juan,2005,0.00,0.00,0.00,0.00,0.00,0.00,0.00,0.00,0.00
35,1408,14080105,Middle San Juan,2005,0.00,0.00,0.00,0.00,0.00,0.00,0.00,0.00,0.00
04,1408,14080106,Chaco,2005,0.00,0.00,0.00,0.00,0.00,0.00,0.00,0.00,0.00
35,1408,14080106,Chaco,2005,0.00,0.00,0.00,0.00,0.00,0.00,0.00,0.00,0.00
08,1408,14080107,Mancos,2005,0.00,0.00,0.00,0.00,0.00,0.00,0.00,0.00,0.00
35,1408,14080107,Mancos,2005,0.00,0.00,0.00,0.00,0.00,0.00,0.00,0.00,0.00
04,1408,14080201,Lower San Juan-Four Corners,2005,0.00,0.00,0.00,0.00,0.00,0.00,0.00,0.00,0.00
08,1408,14080201,Lower San Juan-Four Corners,2005,0.00,0.00,0.00,0.00,0.00,0.00,0.00,0.00,0.00
35,1408,14080201,Lower San Juan-Four Corners,2005,0.00,0.00,0.00,0.00,0.00,0.00,0.00,0.00,0.00
49,1408,14080201,Lower San Juan-Four Corners,2005,0.00,0.00,0.00,0.00,0.00,0.00,0.00,0.00,0.00
08,1408,14080202,Mcelmo,2005,190.31,0.00,190.31,16.88,0.00,16.88,1.00,0.00,1.00
49,1408,14080202,Mcelmo,2005,0.00,0.00,0.00,0.00,0.00,0.00,0.00,0.00,0.00
08,1408,14080203,Montezuma,2005,0.00,0.00,0.00,0.00,0.00,0.00,0.00,0.00,0.00
49,1408,14080203,Montezuma,2005,0.00,0.00,0.00,0.00,0.00,0.00,0.00,0.00,0.00
04,1408,14080204,Chinle,2005,0.00,0.00,0.00,0.00,0.00,0.00,0.00,0.00,0.00
35,1408,14080204,Chinle,2005,0.00,0.00,0.00,0.00,0.00,0.00,0.00,0.00,0.00
49,1408,14080204,Chinle,2005,0.00,0.00,0.00,0.00,0.00,0.00,0.00,0.00,0.00
04,1408,14080205,Lower San Juan,2005,0.00,0.00,0.00,0.00,0.00,0.00,0.00,0.00,0.00
49,1408,14080205,Lower San Juan,2005,0.00,0.00,0.00,0.00,0.00,0.00,0.00,0.00,0.00
04,1501,15010001,Lower Colorado-Marble Canyon,2005,0.00,0.00,0.00,0.00,0.00,0.00,0.00,0.00,0.00
04,1501,15010002,Grand Canyon,2005,0.00,0.00,0.00,0.00,0.00,0.00,0.00,0.00,0.00
04,1501,15010003,Kanab,2005,0.00,0.00,0.00,0.00,0.00,0.00,0.00,0.00,0.00
49,1501,15010003,Kanab,2005,0.00,0.00,0.00,0.00,0.00,0.00,0.00,0.00,0.00
04,1501,15010004,Havasu Canyon,2005,0.00,0.00,0.00,0.00,0.00,0.00,0.00,0.00,0.00
04,1501,15010005,Lake Mead,2005,4133.73,0.00,4133.73,1627.30,0.00,1627.30,1.00,0.00,1.00
32,1501,15010005,Lake Mead,2005,4133.73,0.00,4133.73,1627.30,0.00,1627.30,1.00,0.00,1.00
04,1501,15010006,Grand Wash,2005,0.00,0.00,0.00,0.00,0.00,0.00,0.00,0.00,0.00
32,1501,15010006,Grand Wash,2005,0.00,0.00,0.00,0.00,0.00,0.00,0.00,0.00,0.00
04,1501,15010007,Hualapai Wash,2005,0.00,0.00,0.00,0.00,0.00,0.00,0.00,0.00,0.00
49,1501,15010008,Upper Virgin,2005,0.00,0.00,0.00,0.00,0.00,0.00,0.00,0.00,0.00
04,1501,15010009,Fort Pearce Wash,2005,0.00,0.00,0.00,0.00,0.00,0.00,0.00,0.00,0.00
49,1501,15010009,Fort Pearce Wash,2005,0.00,0.00,0.00,0.00,0.00,0.00,0.00,0.00,0.00
04,1501,15010010,Lower Virgin,2005,0.00,0.00,0.00,0.00,0.00,0.00,0.00,0.00,0.00
32,1501,15010010,Lower Virgin,2005,0.00,0.00,0.00,0.00,0.00,0.00,0.00,0.00,0.00
49,1501,15010010,Lower Virgin,2005,0.00,0.00,0.00,0.00,0.00,0.00,0.00,0.00,0.00
32,1501,15010011,White,2005,0.00,0.00,0.00,0.00,0.00,0.00,0.00,0.00,0.00
32,1501,15010012,Muddy,2005,0.00,0.00,0.00,0.00,0.00,0.00,0.00,0.00,0.00
32,1501,15010013,Meadow Valley Wash,2005,0.00,0.00,0.00,0.00,0.00,0.00,0.00,0.00,0.00
49,1501,15010013,Meadow Valley Wash,2005,0.00,0.00,0.00,0.00,0.00,0.00,0.00,0.00,0.00
04,1501,15010014,Detrital Wash,2005,0.00,0.00,0.00,0.00,0.00,0.00,0.00,0.00,0.00
32,1501,15010015,Las Vegas Wash,2005,0.00,0.00,0.00,0.00,0.00,0.00,0.00,0.00,0.00
04,1502,15020001,Little Colorado Headwaters,2005,0.00,0.00,0.00,0.00,0.00,0.00,0.00,0.00,0.00
35,1502,15020001,Little Colorado Headwaters,2005,0.00,0.00,0.00,0.00,0.00,0.00,0.00,0.00,0.00
04,1502,15020002,Upper Little Colorado,2005,0.00,0.00,0.00,0.00,0.00,0.00,0.00,0.00,0.00
35,1502,15020002,Upper Little Colorado,2005,0.00,0.00,0.00,0.00,0.00,0.00,0.00,0.00,0.00
04,1502,15020003,Carrizo Wash,2005,0.00,0.00,0.00,0.00,0.00,0.00,0.00,0.00,0.00
35,1502,15020003,Carrizo Wash,2005,0.00,0.00,0.00,0.00,0.00,0.00,0.00,0.00,0.00
04,1502,15020004,Zuni,2005,0.00,0.00,0.00,0.00,0.00,0.00,0.00,0.00,0.00
35,1502,15020004,Zuni,2005,0.00,0.00,0.00,0.00,0.00,0.00,0.00,0.00,0.00
04,1502,15020005,Silver,2005,0.00,0.00,0.00,0.00,0.00,0.00,0.00,0.00,0.00
04,1502,15020006,Upper Puerco,2005,0.00,0.00,0.00,0.00,0.00,0.00,0.00,0.00,0.00
35,1502,15020006,Upper Puerco,2005,0.00,0.00,0.00,0.00,0.00,0.00,0.00,0.00,0.00
04,1502,15020007,Lower Puerco,2005,0.00,0.00,0.00,0.00,0.00,0.00,0.00,0.00,0.00
04,1502,15020008,Middle Little Colorado,2005,0.00,0.00,0.00,0.00,0.00,0.00,0.00,0.00,0.00
04,1502,15020009,Leroux Wash,2005,0.00,0.00,0.00,0.00,0.00,0.00,0.00,0.00,0.00
04,1502,15020010,Chevelon Canyon,2005,0.00,0.00,0.00,0.00,0.00,0.00,0.00,0.00,0.00
04,1502,15020011,Cottonwood Wash,2005,0.00,0.00,0.00,0.00,0.00,0.00,0.00,0.00,0.00
04,1502,15020012,Corn-Oraibi,2005,0.00,0.00,0.00,0.00,0.00,0.00,0.00,0.00,0.00
04,1502,15020013,Polacca Wash,2005,0.00,0.00,0.00,0.00,0.00,0.00,0.00,0.00,0.00
04,1502,15020014,Jadito Wash,2005,0.00,0.00,0.00,0.00,0.00,0.00,0.00,0.00,0.00
04,1502,15020015,Canyon Diablo,2005,0.00,0.00,0.00,0.00,0.00,0.00,0.00,0.00,0.00
04,1502,15020016,Lower Little Colorado,2005,0.00,0.00,0.00,0.00,0.00,0.00,0.00,0.00,0.00
04,1502,15020017,Dinnebito Wash,2005,0.00,0.00,0.00,0.00,0.00,0.00,0.00,0.00,0.00
04,1502,15020018,Moenkopi Wash,2005,0.00,0.00,0.00,0.00,0.00,0.00,0.00,0.00,0.00
04,1503,15030101,Havasu-Mohave Lake,2005,7084.13,0.00,7084.13,682.13,0.00,682.13,2.00,0.00,2.00
06,1503,15030101,Havasu-Mohave Lake,2005,0.00,0.00,0.00,0.00,0.00,0.00,0.00,0.00,0.00
32,1503,15030101,Havasu-Mohave Lake,2005,3995.37,0.00,3995.37,484.31,0.00,484.31,1.00,0.00,1.00
06,1503,15030102,Piute Wash,2005,0.00,0.00,0.00,0.00,0.00,0.00,0.00,0.00,0.00
32,1503,15030102,Piute Wash,2005,0.00,0.00,0.00,0.00,0.00,0.00,0.00,0.00,0.00
04,1503,15030103,Sacramento Wash,2005,0.00,0.00,0.00,0.00,0.00,0.00,0.00,0.00,0.00
04,1503,15030104,Imperial Reservoir,2005,0.00,0.00,0.00,0.00,0.00,0.00,0.00,0.00,0.00
06,1503,15030104,Imperial Reservoir,2005,6163.12,0.00,6163.12,410.08,0.00,410.08,1.00,0.00,1.00
04,1503,15030105,Bouse Wash,2005,0.00,0.00,0.00,0.00,0.00,0.00,0.00,0.00,0.00
04,1503,15030106,Tyson Wash,2005,0.00,0.00,0.00,0.00,0.00,0.00,0.00,0.00,0.00
04,1503,15030107,Lower Colorado,2005,0.00,0.00,0.00,0.00,0.00,0.00,0.00,0.00,0.00
06,1503,15030107,Lower Colorado,2005,0.00,0.00,0.00,0.00,0.00,0.00,0.00,0.00,0.00
04,1503,15030108,Yuma Desert,2005,0.00,0.00,0.00,0.00,0.00,0.00,0.00,0.00,0.00
04,1503,15030201,Big Sandy,2005,0.00,0.00,0.00,0.00,0.00,0.00,0.00,0.00,0.00
04,1503,15030202,Burro,2005,0.00,0.00,0.00,0.00,0.00,0.00,0.00,0.00,0.00
04,1503,15030203,Santa Maria,2005,0.00,0.00,0.00,0.00,0.00,0.00,0.00,0.00,0.00
04,1503,15030204,Bill Williams,2005,0.00,0.00,0.00,0.00,0.00,0.00,0.00,0.00,0.00
35,1504,15040001,Upper Gila,2005,0.00,0.00,0.00,0.00,0.00,0.00,0.00,0.00,0.00
04,1504,15040002,Upper Gila-Mangas,2005,0.00,0.00,0.00,0.00,0.00,0.00,0.00,0.00,0.00
35,1504,15040002,Upper Gila-Mangas,2005,0.00,0.00,0.00,0.00,0.00,0.00,0.00,0.00,0.00
04,1504,15040003,Animas Valley,2005,0.00,0.00,0.00,0.00,0.00,0.00,0.00,0.00,0.00
35,1504,15040003,Animas Valley,2005,0.00,0.00,0.00,0.00,0.00,0.00,0.00,0.00,0.00
04,1504,15040004,San Francisco,2005,0.00,0.00,0.00,0.00,0.00,0.00,0.00,0.00,0.00
35,1504,15040004,San Francisco,2005,0.00,0.00,0.00,0.00,0.00,0.00,0.00,0.00,0.00
04,1504,15040005,Upper Gila-San Carlos Reservoir,2005,0.00,0.00,0.00,0.00,0.00,0.00,0.00,0.00,0.00
04,1504,15040006,San Simon,2005,0.00,0.00,0.00,0.00,0.00,0.00,0.00,0.00,0.00
35,1504,15040006,San Simon,2005,0.00,0.00,0.00,0.00,0.00,0.00,0.00,0.00,0.00
04,1504,15040007,San Carlos,2005,0.00,0.00,0.00,0.00,0.00,0.00,0.00,0.00,0.00
04,1505,15050100,Middle Gila,2005,0.00,0.00,0.00,0.00,0.00,0.00,0.00,0.00,0.00
04,1505,15050201,Willcox Playa,2005,0.00,0.00,0.00,0.00,0.00,0.00,0.00,0.00,0.00
04,1505,15050202,Upper San Pedro,2005,0.00,0.00,0.00,0.00,0.00,0.00,0.00,0.00,0.00
04,1505,15050203,Lower San Pedro,2005,0.00,0.00,0.00,0.00,0.00,0.00,0.00,0.00,0.00
04,1505,15050301,Upper Santa Cruz,2005,0.00,0.00,0.00,0.00,0.00,0.00,0.00,0.00,0.00
04,1505,15050302,Rillito,2005,0.00,0.00,0.00,0.00,0.00,0.00,0.00,0.00,0.00
04,1505,15050303,Lower Santa Cruz,2005,0.00,0.00,0.00,0.00,0.00,0.00,0.00,0.00,0.00
04,1505,15050304,Brawley Wash,2005,0.00,0.00,0.00,0.00,0.00,0.00,0.00,0.00,0.00
04,1505,15050305,Aguirre Valley,2005,0.00,0.00,0.00,0.00,0.00,0.00,0.00,0.00,0.00
04,1505,15050306,Santa Rosa Wash,2005,0.00,0.00,0.00,0.00,0.00,0.00,0.00,0.00,0.00
04,1506,15060101,Black,2005,0.00,0.00,0.00,0.00,0.00,0.00,0.00,0.00,0.00
04,1506,15060102,White,2005,0.00,0.00,0.00,0.00,0.00,0.00,0.00,0.00,0.00
04,1506,15060103,Upper Salt,2005,0.00,0.00,0.00,0.00,0.00,0.00,0.00,0.00,0.00
04,1506,15060104,Carrizo,2005,0.00,0.00,0.00,0.00,0.00,0.00,0.00,0.00,0.00
04,1506,15060105,Tonto,2005,0.00,0.00,0.00,0.00,0.00,0.00,0.00,0.00,0.00
04,1506,15060106,Lower Salt,2005,2684.13,0.00,2684.13,213.60,0.00,213.60,6.00,0.00,6.00
04,1506,15060201,Big Chino-Williamson Valley,2005,0.00,0.00,0.00,0.00,0.00,0.00,0.00,0.00,0.00
04,1506,15060202,Upper Verde,2005,0.00,0.00,0.00,0.00,0.00,0.00,0.00,0.00,0.00
04,1506,15060203,Lower Verde,2005,0.00,0.00,0.00,0.00,0.00,0.00,0.00,0.00,0.00
04,1507,15070101,Lower Gila-Painted Rock Reservoir,2005,0.00,0.00,0.00,0.00,0.00,0.00,0.00,0.00,0.00
04,1507,15070102,Agua Fria,2005,0.00,0.00,0.00,0.00,0.00,0.00,0.00,0.00,0.00
04,1507,15070103,Hassayampa,2005,0.00,0.00,0.00,0.00,0.00,0.00,0.00,0.00,0.00
04,1507,15070104,Centennial Wash,2005,0.00,0.00,0.00,0.00,0.00,0.00,0.00,0.00,0.00
04,1507,15070201,Lower Gila,2005,0.00,0.00,0.00,0.00,0.00,0.00,0.00,0.00,0.00
04,1507,15070202,Tenmile Wash,2005,0.00,0.00,0.00,0.00,0.00,0.00,0.00,0.00,0.00
04,1507,15070203,San Cristobal Wash,2005,0.00,0.00,0.00,0.00,0.00,0.00,0.00,0.00,0.00
04,1508,15080101,San Simon Wash,2005,0.00,0.00,0.00,0.00,0.00,0.00,0.00,0.00,0.00
04,1508,15080102,Rio Sonoyta,2005,0.00,0.00,0.00,0.00,0.00,0.00,0.00,0.00,0.00
04,1508,15080103,Tule Desert,2005,0.00,0.00,0.00,0.00,0.00,0.00,0.00,0.00,0.00
04,1508,15080200,Rio De La Concepcion,2005,0.00,0.00,0.00,0.00,0.00,0.00,0.00,0.00,0.00
04,1508,15080301,Whitewater Draw,2005,0.00,0.00,0.00,0.00,0.00,0.00,0.00,0.00,0.00
04,1508,15080302,San Bernardino Valley,2005,0.00,0.00,0.00,0.00,0.00,0.00,0.00,0.00,0.00
35,1508,15080302,San Bernardino Valley,2005,0.00,0.00,0.00,0.00,0.00,0.00,0.00,0.00,0.00
35,1508,15080303,Cloverdale,2005,0.00,0.00,0.00,0.00,0.00,0.00,0.00,0.00,0.00
08,1401,14010001,Colorado Headwaters,2010,493.71,0.00,493.71,62.66,0.00,62.66,2.00,0.00,2.00
08,1401,14010002,Blue,2010,309.10,0.00,309.10,279.07,0.00,279.07,2.00,0.00,2.00
08,1401,14010003,Eagle,2010,0.00,0.00,0.00,0.00,0.00,0.00,0.00,0.00,0.00
08,1401,14010004,Roaring Fork,2010,81.38,0.00,81.38,0.61,0.00,0.61,1.00,0.00,1.00
08,1401,14010005,Colorado Headwaters-Plateau,2010,392.97,0.00,392.97,53.10,0.00,53.10,4.00,0.00,4.00
49,1401,14010005,Colorado Headwaters-Plateau,2010,0.00,0.00,0.00,0.00,0.00,0.00,0.00,0.00,0.00
08,1402,14020001,East-Taylor,2010,0.00,0.00,0.00,0.00,0.00,0.00,0.00,0.00,0.00
08,1402,14020002,Upper Gunnison,2010,2400.71,0.00,2400.71,654.66,0.00,654.66,3.00,0.00,3.00
08,1402,14020003,Tomichi,2010,0.00,0.00,0.00,0.00,0.00,0.00,0.00,0.00,0.00
08,1402,14020004,North Fork Gunnison,2010,0.00,0.00,0.00,0.00,0.00,0.00,0.00,0.00,0.00
08,1402,14020005,Lower Gunnison,2010,607.87,0.00,607.87,8.10,0.00,8.10,2.00,0.00,2.00
08,1402,14020006,Uncompahgre,2010,0.00,0.00,0.00,0.00,0.00,0.00,0.00,0.00,0.00
08,1403,14030001,Westwater Canyon,2010,0.00,0.00,0.00,0.00,0.00,0.00,0.00,0.00,0.00
49,1403,14030001,Westwater Canyon,2010,0.00,0.00,0.00,0.00,0.00,0.00,0.00,0.00,0.00
08,1403,14030002,Upper Dolores,2010,26.03,0.00,26.03,4.71,0.00,4.71,1.00,0.00,1.00
49,1403,14030002,Upper Dolores,2010,0.00,0.00,0.00,0.00,0.00,0.00,0.00,0.00,0.00
08,1403,14030003,San Miguel,2010,19.81,0.00,19.81,12.55,0.00,12.55,1.00,0.00,1.00
08,1403,14030004,Lower Dolores,2010,0.00,0.00,0.00,0.00,0.00,0.00,0.00,0.00,0.00
49,1403,14030004,Lower Dolores,2010,0.00,0.00,0.00,0.00,0.00,0.00,0.00,0.00,0.00
08,1403,14030005,Upper Colorado-Kane Springs,2010,0.00,0.00,0.00,0.00,0.00,0.00,0.00,0.00,0.00
49,1403,14030005,Upper Colorado-Kane Springs,2010,0.00,0.00,0.00,0.00,0.00,0.00,0.00,0.00,0.00
56,1404,14040101,Upper Green,2010,592.00,0.00,592.00,38.24,0.00,38.24,1.00,0.00,1.00
56,1404,14040102,New Fork,2010,0.00,0.00,0.00,0.00,0.00,0.00,0.00,0.00,0.00
56,1404,14040103,Upper Green-Slate,2010,0.00,0.00,0.00,0.00,0.00,0.00,0.00,0.00,0.00
56,1404,14040104,Big Sandy,2010,0.00,0.00,0.00,0.00,0.00,0.00,0.00,0.00,0.00
56,1404,14040105,Bitter,2010,0.00,0.00,0.00,0.00,0.00,0.00,0.00,0.00,0.00
08,1404,14040106,Upper Green-Flaming Gorge Reservoir,2010,0.00,0.00,0.00,0.00,0.00,0.00,0.00,0.00,0.00
49,1404,14040106,Upper Green-Flaming Gorge Reservoir,2010,1054.91,0.00,1054.91,412.10,0.00,412.10,1.00,0.00,1.00
56,1404,14040106,Upper Green-Flaming Gorge Reservoir,2010,0.00,0.00,0.00,0.00,0.00,0.00,0.00,0.00,0.00
49,1404,14040107,Blacks Fork,2010,0.00,0.00,0.00,0.00,0.00,0.00,0.00,0.00,0.00
56,1404,14040107,Blacks Fork,2010,0.00,0.00,0.00,0.00,0.00,0.00,0.00,0.00,0.00
49,1404,14040108,Muddy,2010,0.00,0.00,0.00,0.00,0.00,0.00,0.00,0.00,0.00
56,1404,14040108,Muddy,2010,0.00,0.00,0.00,0.00,0.00,0.00,0.00,0.00,0.00
08,1404,14040109,Vermilion,2010,0.00,0.00,0.00,0.00,0.00,0.00,0.00,0.00,0.00
56,1404,14040109,Vermilion,2010,0.00,0.00,0.00,0.00,0.00,0.00,0.00,0.00,0.00
56,1404,14040200,Great Divide Closed Basin,2010,0.00,0.00,0.00,0.00,0.00,0.00,0.00,0.00,0.00
08,1405,14050001,Upper Yampa,2010,25.72,0.00,25.72,5.00,0.00,5.00,1.00,0.00,1.00
08,1405,14050002,Lower Yampa,2010,0.00,0.00,0.00,0.00,0.00,0.00,0.00,0.00,0.00
08,1405,14050003,Little Snake,2010,0.00,0.00,0.00,0.00,0.00,0.00,0.00,0.00,0.00
56,1405,14050003,Little Snake,2010,0.00,0.00,0.00,0.00,0.00,0.00,0.00,0.00,0.00
56,1405,14050004,Muddy,2010,0.00,0.00,0.00,0.00,0.00,0.00,0.00,0.00,0.00
08,1405,14050005,Upper White,2010,0.00,0.00,0.00,0.00,0.00,0.00,0.00,0.00,0.00
08,1405,14050006,Piceance-Yellow,2010,0.00,0.00,0.00,0.00,0.00,0.00,0.00,0.00,0.00
08,1405,14050007,Lower White,2010,336.85,0.00,336.85,11.41,0.00,11.41,1.00,0.00,1.00
49,1405,14050007,Lower White,2010,0.00,0.00,0.00,0.00,0.00,0.00,0.00,0.00,0.00
08,1406,14060001,Lower Green-Diamond,2010,0.00,0.00,0.00,0.00,0.00,0.00,0.00,0.00,0.00
49,1406,14060001,Lower Green-Diamond,2010,0.00,0.00,0.00,0.00,0.00,0.00,0.00,0.00,0.00
49,1406,14060002,Ashley-Brush,2010,0.00,0.00,0.00,0.00,0.00,0.00,0.00,0.00,0.00
49,1406,14060003,Duchesne,2010,0.00,32.99,32.99,0.00,9.01,9.01,0.00,2.00,2.00
49,1406,14060004,Strawberry,2010,0.00,0.00,0.00,0.00,0.00,0.00,0.00,0.00,0.00
49,1406,14060005,Lower Green-Desolation Canyon,2010,0.00,0.00,0.00,0.00,0.00,0.00,0.00,0.00,0.00
49,1406,14060006,Willow,2010,0.00,0.00,0.00,0.00,0.00,0.00,0.00,0.00,0.00
49,1406,14060007,Price,2010,0.00,0.00,0.00,0.00,0.00,0.00,0.00,0.00,0.00
49,1406,14060008,Lower Green,2010,0.00,0.00,0.00,0.00,0.00,0.00,0.00,0.00,0.00
49,1406,14060009,San Rafael,2010,0.00,0.00,0.00,0.00,0.00,0.00,0.00,0.00,0.00
49,1407,14070001,Upper Lake Powell,2010,0.00,0.00,0.00,0.00,0.00,0.00,0.00,0.00,0.00
49,1407,14070002,Muddy,2010,0.00,0.00,0.00,0.00,0.00,0.00,0.00,0.00,0.00
49,1407,14070003,Fremont,2010,0.00,0.00,0.00,0.00,0.00,0.00,0.00,0.00,0.00
49,1407,14070004,Dirty Devil,2010,0.00,0.00,0.00,0.00,0.00,0.00,0.00,0.00,0.00
49,1407,14070005,Escalante,2010,0.00,0.00,0.00,0.00,0.00,0.00,0.00,0.00,0.00
04,1407,14070006,Lower Lake Powell,2010,8179.58,0.00,8179.58,3671.55,0.00,3671.55,1.00,0.00,1.00
49,1407,14070006,Lower Lake Powell,2010,0.00,0.00,0.00,0.00,0.00,0.00,0.00,0.00,0.00
04,1407,14070007,Paria,2010,0.00,0.00,0.00,0.00,0.00,0.00,0.00,0.00,0.00
49,1407,14070007,Paria,2010,0.00,0.00,0.00,0.00,0.00,0.00,0.00,0.00,0.00
08,1408,14080101,Upper San Juan,2010,180.58,0.00,180.58,13.69,0.00,13.69,1.00,0.00,1.00
35,1408,14080101,Upper San Juan,2010,652.02,0.00,652.02,73.15,0.00,73.15,1.00,0.00,1.00
08,1408,14080102,Piedra,2010,0.00,0.00,0.00,0.00,0.00,0.00,0.00,0.00,0.00
35,1408,14080103,Blanco Canyon,2010,0.00,0.00,0.00,0.00,0.00,0.00,0.00,0.00,0.00
08,1408,14080104,Animas,2010,24.93,0.00,24.93,16.30,0.00,16.30,1.00,0.00,1.00
35,1408,14080104,Animas,2010,0.00,0.00,0.00,0.00,0.00,0.00,0.00,0.00,0.00
04,1408,14080105,Middle San Juan,2010,0.00,0.00,0.00,0.00,0.00,0.00,0.00,0.00,0.00
08,1408,14080105,Middle San Juan,2010,0.00,0.00,0.00,0.00,0.00,0.00,0.00,0.00,0.00
35,1408,14080105,Middle San Juan,2010,0.00,0.00,0.00,0.00,0.00,0.00,0.00,0.00,0.00
04,1408,14080106,Chaco,2010,0.00,0.00,0.00,0.00,0.00,0.00,0.00,0.00,0.00
35,1408,14080106,Chaco,2010,0.00,0.00,0.00,0.00,0.00,0.00,0.00,0.00,0.00
08,1408,14080107,Mancos,2010,0.00,0.00,0.00,0.00,0.00,0.00,--,--,--
35,1408,14080107,Mancos,2010,0.00,0.00,0.00,0.00,0.00,0.00,0.00,0.00,0.00
04,1408,14080201,Lower San Juan-Four Corners,2010,0.00,0.00,0.00,0.00,0.00,0.00,0.00,0.00,0.00
08,1408,14080201,Lower San Juan-Four Corners,2010,0.00,0.00,0.00,0.00,0.00,0.00,--,--,--
35,1408,14080201,Lower San Juan-Four Corners,2010,0.00,0.00,0.00,0.00,0.00,0.00,0.00,0.00,0.00
49,1408,14080201,Lower San Juan-Four Corners,2010,0.00,0.00,0.00,0.00,0.00,0.00,0.00,0.00,0.00
08,1408,14080202,Mcelmo,2010,26.96,0.00,26.96,14.97,0.00,14.97,1.00,0.00,1.00
49,1408,14080202,Mcelmo,2010,0.00,0.00,0.00,0.00,0.00,0.00,0.00,0.00,0.00
08,1408,14080203,Montezuma,2010,0.00,0.00,0.00,0.00,0.00,0.00,--,--,--
49,1408,14080203,Montezuma,2010,0.00,0.00,0.00,0.00,0.00,0.00,0.00,0.00,0.00
04,1408,14080204,Chinle,2010,0.00,0.00,0.00,0.00,0.00,0.00,0.00,0.00,0.00
35,1408,14080204,Chinle,2010,0.00,0.00,0.00,0.00,0.00,0.00,0.00,0.00,0.00
49,1408,14080204,Chinle,2010,0.00,0.00,0.00,0.00,0.00,0.00,0.00,0.00,0.00
04,1408,14080205,Lower San Juan,2010,0.00,0.00,0.00,0.00,0.00,0.00,0.00,0.00,0.00
49,1408,14080205,Lower San Juan,2010,0.00,0.00,0.00,0.00,0.00,0.00,0.00,0.00,0.00
04,1501,15010001,Lower Colorado-Marble Canyon,2010,0.00,0.00,0.00,0.00,0.00,0.00,0.00,0.00,0.00
04,1501,15010002,Grand Canyon,2010,0.00,0.00,0.00,0.00,0.00,0.00,0.00,0.00,0.00
04,1501,15010003,Kanab,2010,0.00,0.00,0.00,0.00,0.00,0.00,0.00,0.00,0.00
49,1501,15010003,Kanab,2010,0.00,0.00,0.00,0.00,0.00,0.00,0.00,0.00,0.00
04,1501,15010004,Havasu Canyon,2010,0.00,0.00,0.00,0.00,0.00,0.00,0.00,0.00,0.00
04,1501,15010005,Lake Mead,2010,4718.41,0.00,4718.41,1823.06,0.00,1823.06,1.00,0.00,1.00
32,1501,15010005,Lake Mead,2010,4718.41,0.00,4718.41,1823.06,0.00,1823.06,1.00,0.00,1.00
04,1501,15010006,Grand Wash,2010,0.00,0.00,0.00,0.00,0.00,0.00,0.00,0.00,0.00
32,1501,15010006,Grand Wash,2010,0.00,0.00,0.00,0.00,0.00,0.00,0.00,0.00,0.00
04,1501,15010007,Hualapai Wash,2010,0.00,0.00,0.00,0.00,0.00,0.00,0.00,0.00,0.00
49,1501,15010008,Upper Virgin,2010,0.00,0.00,0.00,0.00,0.00,0.00,0.00,0.00,0.00
04,1501,15010009,Fort Pearce Wash,2010,0.00,0.00,0.00,0.00,0.00,0.00,0.00,0.00,0.00
49,1501,15010009,Fort Pearce Wash,2010,0.00,0.00,0.00,0.00,0.00,0.00,0.00,0.00,0.00
04,1501,15010010,Lower Virgin,2010,0.00,0.00,0.00,0.00,0.00,0.00,0.00,0.00,0.00
32,1501,15010010,Lower Virgin,2010,0.00,0.00,0.00,0.00,0.00,0.00,0.00,0.00,0.00
49,1501,15010010,Lower Virgin,2010,0.00,0.00,0.00,0.00,0.00,0.00,0.00,0.00,0.00
32,1501,15010011,White,2010,0.00,0.00,0.00,0.00,0.00,0.00,0.00,0.00,0.00
32,1501,15010012,Muddy,2010,0.00,0.00,0.00,0.00,0.00,0.00,0.00,0.00,0.00
32,1501,15010013,Meadow Valley Wash,2010,0.00,0.00,0.00,0.00,0.00,0.00,0.00,0.00,0.00
49,1501,15010013,Meadow Valley Wash,2010,0.00,0.00,0.00,0.00,0.00,0.00,0.00,0.00,0.00
04,1501,15010014,Detrital Wash,2010,0.00,0.00,0.00,0.00,0.00,0.00,0.00,0.00,0.00
32,1501,15010015,Las Vegas Wash,2010,0.00,0.00,0.00,0.00,0.00,0.00,0.00,0.00,0.00
04,1502,15020001,Little Colorado Headwaters,2010,0.00,0.00,0.00,0.00,0.00,0.00,0.00,0.00,0.00
35,1502,15020001,Little Colorado Headwaters,2010,0.00,0.00,0.00,0.00,0.00,0.00,0.00,0.00,0.00
04,1502,15020002,Upper Little Colorado,2010,0.00,0.00,0.00,0.00,0.00,0.00,0.00,0.00,0.00
35,1502,15020002,Upper Little Colorado,2010,0.00,0.00,0.00,0.00,0.00,0.00,0.00,0.00,0.00
04,1502,15020003,Carrizo Wash,2010,0.00,0.00,0.00,0.00,0.00,0.00,0.00,0.00,0.00
35,1502,15020003,Carrizo Wash,2010,0.00,0.00,0.00,0.00,0.00,0.00,0.00,0.00,0.00
04,1502,15020004,Zuni,2010,0.00,0.00,0.00,0.00,0.00,0.00,0.00,0.00,0.00
35,1502,15020004,Zuni,2010,0.00,0.00,0.00,0.00,0.00,0.00,0.00,0.00,0.00
04,1502,15020005,Silver,2010,0.00,0.00,0.00,0.00,0.00,0.00,0.00,0.00,0.00
04,1502,15020006,Upper Puerco,2010,0.00,0.00,0.00,0.00,0.00,0.00,0.00,0.00,0.00
35,1502,15020006,Upper Puerco,2010,0.00,0.00,0.00,0.00,0.00,0.00,0.00,0.00,0.00
04,1502,15020007,Lower Puerco,2010,0.00,0.00,0.00,0.00,0.00,0.00,0.00,0.00,0.00
04,1502,15020008,Middle Little Colorado,2010,0.00,0.00,0.00,0.00,0.00,0.00,0.00,0.00,0.00
04,1502,15020009,Leroux Wash,2010,0.00,0.00,0.00,0.00,0.00,0.00,0.00,0.00,0.00
04,1502,15020010,Chevelon Canyon,2010,0.00,0.00,0.00,0.00,0.00,0.00,0.00,0.00,0.00
04,1502,15020011,Cottonwood Wash,2010,0.00,0.00,0.00,0.00,0.00,0.00,0.00,0.00,0.00
04,1502,15020012,Corn-Oraibi,2010,0.00,0.00,0.00,0.00,0.00,0.00,0.00,0.00,0.00
04,1502,15020013,Polacca Wash,2010,0.00,0.00,0.00,0.00,0.00,0.00,0.00,0.00,0.00
04,1502,15020014,Jadito Wash,2010,0.00,0.00,0.00,0.00,0.00,0.00,0.00,0.00,0.00
04,1502,15020015,Canyon Diablo,2010,0.00,0.00,0.00,0.00,0.00,0.00,0.00,0.00,0.00
04,1502,15020016,Lower Little Colorado,2010,0.00,0.00,0.00,0.00,0.00,0.00,0.00,0.00,0.00
04,1502,15020017,Dinnebito Wash,2010,0.00,0.00,0.00,0.00,0.00,0.00,0.00,0.00,0.00
04,1502,15020018,Moenkopi Wash,2010,0.00,0.00,0.00,0.00,0.00,0.00,0.00,0.00,0.00
04,1503,15030101,Havasu-Mohave Lake,2010,7689.50,0.00,7689.50,785.59,0.00,785.59,2.00,0.00,2.00
06,1503,15030101,Havasu-Mohave Lake,2010,0.00,0.00,0.00,0.00,0.00,0.00,0.00,0.00,0.00
32,1503,15030101,Havasu-Mohave Lake,2010,4505.81,0.00,4505.81,565.28,0.00,565.28,1.00,0.00,1.00
06,1503,15030102,Piute Wash,2010,0.00,0.00,0.00,0.00,0.00,0.00,0.00,0.00,0.00
32,1503,15030102,Piute Wash,2010,0.00,0.00,0.00,0.00,0.00,0.00,0.00,0.00,0.00
04,1503,15030103,Sacramento Wash,2010,0.00,0.00,0.00,0.00,0.00,0.00,0.00,0.00,0.00
04,1503,15030104,Imperial Reservoir,2010,0.00,0.00,0.00,0.00,0.00,0.00,0.00,0.00,0.00
06,1503,15030104,Imperial Reservoir,2010,6375.91,0.00,6375.91,414.85,0.00,414.85,1.00,0.00,1.00
04,1503,15030105,Bouse Wash,2010,0.00,0.00,0.00,0.00,0.00,0.00,0.00,0.00,0.00
04,1503,15030106,Tyson Wash,2010,0.00,0.00,0.00,0.00,0.00,0.00,0.00,0.00,0.00
04,1503,15030107,Lower Colorado,2010,0.00,0.00,0.00,0.00,0.00,0.00,0.00,0.00,0.00
06,1503,15030107,Lower Colorado,2010,0.00,0.00,0.00,0.00,0.00,0.00,0.00,0.00,0.00
04,1503,15030108,Yuma Desert,2010,0.00,0.00,0.00,0.00,0.00,0.00,0.00,0.00,0.00
04,1503,15030201,Big Sandy,2010,0.00,0.00,0.00,0.00,0.00,0.00,0.00,0.00,0.00
04,1503,15030202,Burro,2010,0.00,0.00,0.00,0.00,0.00,0.00,0.00,0.00,0.00
04,1503,15030203,Santa Maria,2010,0.00,0.00,0.00,0.00,0.00,0.00,0.00,0.00,0.00
04,1503,15030204,Bill Williams,2010,0.00,0.00,0.00,0.00,0.00,0.00,0.00,0.00,0.00
35,1504,15040001,Upper Gila,2010,0.00,0.00,0.00,0.00,0.00,0.00,0.00,0.00,0.00
04,1504,15040002,Upper Gila-Mangas,2010,0.00,0.00,0.00,0.00,0.00,0.00,0.00,0.00,0.00
35,1504,15040002,Upper Gila-Mangas,2010,0.00,0.00,0.00,0.00,0.00,0.00,0.00,0.00,0.00
04,1504,15040003,Animas Valley,2010,0.00,0.00,0.00,0.00,0.00,0.00,0.00,0.00,0.00
35,1504,15040003,Animas Valley,2010,0.00,0.00,0.00,0.00,0.00,0.00,0.00,0.00,0.00
04,1504,15040004,San Francisco,2010,0.00,0.00,0.00,0.00,0.00,0.00,0.00,0.00,0.00
35,1504,15040004,San Francisco,2010,0.00,0.00,0.00,0.00,0.00,0.00,0.00,0.00,0.00
04,1504,15040005,Upper Gila-San Carlos Reservoir,2010,0.00,0.00,0.00,0.00,0.00,0.00,0.00,0.00,0.00
04,1504,15040006,San Simon,2010,0.00,0.00,0.00,0.00,0.00,0.00,0.00,0.00,0.00
35,1504,15040006,San Simon,2010,0.00,0.00,0.00,0.00,0.00,0.00,0.00,0.00,0.00
04,1504,15040007,San Carlos,2010,0.00,0.00,0.00,0.00,0.00,0.00,0.00,0.00,0.00
04,1505,15050100,Middle Gila,2010,0.00,0.00,0.00,0.00,0.00,0.00,0.00,0.00,0.00
04,1505,15050201,Willcox Playa,2010,0.00,0.00,0.00,0.00,0.00,0.00,0.00,0.00,0.00
04,1505,15050202,Upper San Pedro,2010,0.00,0.00,0.00,0.00,0.00,0.00,0.00,0.00,0.00
04,1505,15050203,Lower San Pedro,2010,0.00,0.00,0.00,0.00,0.00,0.00,0.00,0.00,0.00
04,1505,15050301,Upper Santa Cruz,2010,0.00,0.00,0.00,0.00,0.00,0.00,0.00,0.00,0.00
04,1505,15050302,Rillito,2010,0.00,0.00,0.00,0.00,0.00,0.00,0.00,0.00,0.00
04,1505,15050303,Lower Santa Cruz,2010,0.00,0.00,0.00,0.00,0.00,0.00,0.00,0.00,0.00
04,1505,15050304,Brawley Wash,2010,0.00,0.00,0.00,0.00,0.00,0.00,0.00,0.00,0.00
04,1505,15050305,Aguirre Valley,2010,0.00,0.00,0.00,0.00,0.00,0.00,0.00,0.00,0.00
04,1505,15050306,Santa Rosa Wash,2010,0.00,0.00,0.00,0.00,0.00,0.00,0.00,0.00,0.00
04,1506,15060101,Black,2010,0.00,0.00,0.00,0.00,0.00,0.00,0.00,0.00,0.00
04,1506,15060102,White,2010,0.00,0.00,0.00,0.00,0.00,0.00,0.00,0.00,0.00
04,1506,15060103,Upper Salt,2010,0.00,0.00,0.00,0.00,0.00,0.00,0.00,0.00,0.00
04,1506,15060104,Carrizo,2010,0.00,0.00,0.00,0.00,0.00,0.00,0.00,0.00,0.00
04,1506,15060105,Tonto,2010,0.00,0.00,0.00,0.00,0.00,0.00,0.00,0.00,0.00
04,1506,15060106,Lower Salt,2010,2630.73,0.00,2630.73,430.14,0.00,430.14,6.00,0.00,6.00
04,1506,15060201,Big Chino-Williamson Valley,2010,0.00,0.00,0.00,0.00,0.00,0.00,0.00,0.00,0.00
04,1506,15060202,Upper Verde,2010,0.00,0.00,0.00,0.00,0.00,0.00,0.00,0.00,0.00
04,1506,15060203,Lower Verde,2010,0.00,0.00,0.00,0.00,0.00,0.00,0.00,0.00,0.00
04,1507,15070101,Lower Gila-Painted Rock Reservoir,2010,0.00,0.00,0.00,0.00,0.00,0.00,0.00,0.00,0.00
04,1507,15070102,Agua Fria,2010,0.00,0.00,0.00,0.00,0.00,0.00,0.00,0.00,0.00
04,1507,15070103,Hassayampa,2010,0.00,0.00,0.00,0.00,0.00,0.00,0.00,0.00,0.00
04,1507,15070104,Centennial Wash,2010,0.00,0.00,0.00,0.00,0.00,0.00,0.00,0.00,0.00
04,1507,15070201,Lower Gila,2010,0.00,0.00,0.00,0.00,0.00,0.00,0.00,0.00,0.00
04,1507,15070202,Tenmile Wash,2010,0.00,0.00,0.00,0.00,0.00,0.00,0.00,0.00,0.00
04,1507,15070203,San Cristobal Wash,2010,0.00,0.00,0.00,0.00,0.00,0.00,0.00,0.00,0.00
04,1508,15080101,San Simon Wash,2010,0.00,0.00,0.00,0.00,0.00,0.00,0.00,0.00,0.00
04,1508,15080102,Rio Sonoyta,2010,0.00,0.00,0.00,0.00,0.00,0.00,0.00,0.00,0.00
04,1508,15080103,Tule Desert,2010,0.00,0.00,0.00,0.00,0.00,0.00,0.00,0.00,0.00
04,1508,15080200,Rio De La Concepcion,2010,0.00,0.00,0.00,0.00,0.00,0.00,0.00,0.00,0.00
04,1508,15080301,Whitewater Draw,2010,0.00,0.00,0.00,0.00,0.00,0.00,0.00,0.00,0.00
04,1508,15080302,San Bernardino Valley,2010,0.00,0.00,0.00,0.00,0.00,0.00,0.00,0.00,0.00
35,1508,15080302,San Bernardino Valley,2010,0.00,0.00,0.00,0.00,0.00,0.00,0.00,0.00,0.00
35,1508,15080303,Cloverdale,2010,0.00,0.00,0.00,0.00,0.00,0.00,0.00,0.00,0.00
,,,,,,,,,,,,,
,,,,,,,,,,,,,
,,,,,,,,,,,,,
